experiment,run_id,channels,run_number,wall,kernel_radius,gap_iou,gap_precision,gap_recall,gap_f1,gap_tp,gap_fp,gap_fn,gt_gap_pixels,pred_gap_pixels,gap_ratio,n_stones,mean_coverage,mean_separation,mean_wrong_class_coverage,detected_c90_s90,merged_c90_s90,undetected_c90_s90,detection_rate_c90_s90,merge_rate_c90_s90,detected_c70_s70,merged_c70_s70,undetected_c70_s70,detection_rate_c70_s70,merge_rate_c70_s70,detected_c50_s50,merged_c50_s50,undetected_c50_s50,detection_rate_c50_s50,merge_rate_c50_s50,Ashlar_n,Ashlar_detection_rate_c90_s90,Ashlar_merge_rate_c90_s90,Ashlar_mean_coverage,Ashlar_mean_separation,Polygonal_n,Polygonal_detection_rate_c90_s90,Polygonal_merge_rate_c90_s90,Polygonal_mean_coverage,Polygonal_mean_separation,Quarry_n,Quarry_detection_rate_c90_s90,Quarry_merge_rate_c90_s90,Quarry_mean_coverage,Quarry_mean_separation
v2_baseline_ens,3ch_run1,3,1,wall1,45,0.4368809301112249,0.6320278946595984,0.585910763383773,0.6080962186301786,391887,228160,276964,668851,620047,0.9270330761260729,179,0.7938381903645704,0.6920884642569545,0.07299588566199437,55,55,69,0.30726256983240224,0.30726256983240224,93,45,41,0.5195530726256983,0.25139664804469275,112,38,29,0.6256983240223464,0.2122905027932961,83.0,0.3614457831325301,0.3614457831325301,0.8601664910746816,0.6447041704211157,46.0,0.45652173913043476,0.30434782608695654,0.8516361883163924,0.7628395269848841,50,0.08,0.22,0.63055905307011,0.710480496030999
v2_baseline_ens,3ch_run1,3,1,wall2,45,0.4278609188354603,0.7452317125090007,0.5011668266006146,0.5993033539771039,1752197,599014,1744038,3496235,2351211,0.672497987120431,105,0.9070901803684199,0.3433745080384957,0.052331201446184215,17,77,11,0.1619047619047619,0.7333333333333333,23,74,8,0.21904761904761905,0.7047619047619048,24,73,8,0.22857142857142856,0.6952380952380952,97.0,0.17525773195876287,0.7938144329896907,0.9819017416359184,0.3433745080384957,,,,,,8,0.0,0.0,0.0,0.0
v2_baseline_ens,3ch_run1,3,1,wall3,45,0.5127161100283566,0.5979351593716135,0.7824879629103368,0.677874859174661,289116,194408,80367,369483,483524,1.3086501950022058,202,0.7116493051826208,0.8862954975995523,0.09422077060349317,103,16,83,0.5099009900990099,0.07920792079207921,133,11,58,0.6584158415841584,0.054455445544554455,146,7,49,0.7227722772277227,0.034653465346534656,,,,,,151.0,0.6357615894039735,0.08609271523178808,0.8050385522919324,0.8922256771173999,51,0.13725490196078433,0.058823529411764705,0.4351438872707371,0.8584236538656681
v2_baseline_ens,3ch_run1,3,1,wall4,45,0.40348646294859775,0.48281541052185595,0.7106244913388255,0.574977349052458,847834,908187,345249,1193083,1756021,1.4718347340461644,177,0.7701156809244426,0.835070422109932,0.15342366047147105,78,17,82,0.4406779661016949,0.096045197740113,110,18,49,0.6214689265536724,0.1016949152542373,133,14,30,0.751412429378531,0.07909604519774012,168.0,0.4642857142857143,0.10119047619047619,0.798883162159672,0.8328785861045794,1.0,0.0,0.0,0.5827996122244649,0.9955825080672082,8,0.0,0.0,0.18941308357211833,0.9367367675755529
v2_baseline_ens,3ch_run1,3,1,AllWalls,45,0.42847768197673863,0.6296599583595849,0.5728410175757884,0.5999081223079493,3281034,1929769,2446618,5727652,5210803,0.9097624995373322,663,0.7803999097804796,0.7310109433074453,0.09766157353047109,253,165,245,0.3815987933634992,0.248868778280543,359,148,156,0.5414781297134238,0.22322775263951736,415,132,116,0.6259426847662142,0.19909502262443438,348.0,0.35919540229885055,0.3563218390804598,0.864513387760654,0.6505243899931181,198.0,0.5909090909090909,0.13636363636363635,0.8147418468225268,0.8621738826287929,117,0.09401709401709402,0.11965811965811966,0.4720991074605986,0.776572486275988
v2_baseline_ens,4ch_run1,4,1,wall1,45,0.3602359375908433,0.5749768881667414,0.49097631610029735,0.5296668432814216,328390,242746,340461,668851,571136,0.8539061764129828,179,0.7319533271034501,0.3506012432480797,0.05418017382154593,12,91,76,0.0670391061452514,0.5083798882681564,26,101,52,0.1452513966480447,0.5642458100558659,39,99,41,0.21787709497206703,0.553072625698324,83.0,0.04819277108433735,0.7831325301204819,0.9315743276476036,0.19937722641421973,46.0,0.15217391304347827,0.4782608695652174,0.7274121892461075,0.4464532606604409,50,0.02,0.08,0.40476031302891,0.647899887499927
v2_baseline_ens,4ch_run1,4,1,wall2,45,0.49940263534302753,0.7600277482215546,0.5928909240940612,0.6661354643127942,2072886,654496,1423349,3496235,2727382,0.7800911551998078,105,0.899092492921523,0.44305487551012895,0.05065206278806822,22,69,14,0.20952380952380953,0.6571428571428571,27,70,8,0.2571428571428571,0.6666666666666666,38,59,8,0.3619047619047619,0.5619047619047619,97.0,0.2268041237113402,0.711340206185567,0.9724001430025973,0.44762245154631586,,,,,,8,0.0,0.0,0.010237235688499227,0.0
v2_baseline_ens,4ch_run1,4,1,wall3,45,0.486233370088315,0.6709268264937577,0.6385084022810251,0.6543163138093475,235918,115712,133565,369483,351630,0.9516811328261382,202,0.6758048198521355,0.5282349275867305,0.1422898440570835,48,68,86,0.2376237623762376,0.33663366336633666,62,71,69,0.3069306930693069,0.35148514851485146,78,65,59,0.38613861386138615,0.3217821782178218,,,,,,151.0,0.26490066225165565,0.4105960264900662,0.7758795878670031,0.5483256658744986,51,0.1568627450980392,0.11764705882352941,0.3795050165139982,0.43263072470010966
v2_baseline_ens,4ch_run1,4,1,wall4,45,0.45793873807034385,0.5109312234230298,0.8153364015747437,0.6282002475309066,972764,931140,220319,1193083,1903904,1.595785037587494,177,0.8976166469997178,0.7749565009460498,0.0304436355574168,107,48,22,0.6045197740112994,0.2711864406779661,118,45,14,0.6666666666666666,0.2542372881355932,127,39,11,0.7175141242937854,0.22033898305084745,168.0,0.6369047619047619,0.2857142857142857,0.9441051168938049,0.7795693372612049,1.0,0.0,0.0,0.2684868807908078,0.0,8,0.0,0.0,0.0,0.0
v2_baseline_ens,4ch_run1,4,1,AllWalls,45,0.47055233580465256,0.6499683474335494,0.630268389210797,0.6399667993416597,3609958,1944094,2117694,5727652,5554052,0.9696908960251077,663,0.7855431032237691,0.5387465921359714,0.07412939622925721,189,276,198,0.2850678733031674,0.416289592760181,233,287,143,0.3514328808446455,0.43288084464555054,282,262,119,0.4253393665158371,0.3951734539969834,348.0,0.382183908045977,0.5229885057471264,0.9490032836326503,0.5486647593455612,198.0,0.23737373737373738,0.42424242424242425,0.7620568957274201,0.5220751420986605,117,0.07692307692307693,0.08547008547008547,0.3390997382834821,0.5311082670135774
v2_baseline_ens,7ch_run1,7,1,wall1,45,0.4661984873346954,0.648326213592233,0.623995478813667,0.635928206667525,417360,226390,251491,668851,643750,0.962471462253925,179,0.8101693185581186,0.6356806078157237,0.04747725084658046,44,71,64,0.24581005586592178,0.39664804469273746,73,71,35,0.40782122905027934,0.39664804469273746,98,58,23,0.547486033519553,0.3240223463687151,83.0,0.27710843373493976,0.5060240963855421,0.8793660487593332,0.5719843247243418,46.0,0.3695652173913043,0.43478260869565216,0.8295108682611307,0.6331203262582843,50,0.08,0.18,0.6775085206973308,0.7528941989376509
v2_baseline_ens,7ch_run1,7,1,wall2,45,0.5326295444513696,0.7558063109167852,0.6433403361044094,0.6950532127997483,2249269,726717,1246966,3496235,2975986,0.8511973594452318,105,0.9106369563556599,0.547442959917178,0.03905262489511227,32,61,12,0.3047619047619048,0.580952380952381,38,59,8,0.3619047619047619,0.5619047619047619,50,48,7,0.47619047619047616,0.45714285714285713,97.0,0.32989690721649484,0.6288659793814433,0.9797362394752879,0.5439507756726389,,,,,,8,0.0,0.0,0.07280814853017019,0.8861848316374699
v2_baseline_ens,7ch_run1,7,1,wall3,45,0.5881777759893769,0.6962363862830415,0.79121908179808,0.740695134866704,292342,127547,77141,369483,419889,1.13642305599987,202,0.7962781000393091,0.8851230982585602,0.0683997841572872,121,20,61,0.599009900990099,0.09900990099009901,145,14,43,0.7178217821782178,0.06930693069306931,158,13,31,0.7821782178217822,0.06435643564356436,,,,,,151.0,0.7086092715231788,0.10596026490066225,0.851969128145853,0.9081914944615699,51,0.27450980392156865,0.0784313725490196,0.6313889776062089,0.8005389788475256
v2_baseline_ens,7ch_run1,7,1,wall4,45,0.46625749270677,0.5005753413186506,0.8718119359675731,0.6359830998660952,1040144,1037753,152939,1193083,2077897,1.7416198202472082,177,0.86041604038604,0.8715080099220203,0.051467209266786294,120,23,34,0.6779661016949152,0.12994350282485875,137,19,21,0.7740112994350282,0.10734463276836158,142,17,18,0.8022598870056498,0.096045197740113,168.0,0.7142857142857143,0.13690476190476192,0.9013407219816753,0.8700898969924762,1.0,0.0,0.0,0.7131652972680895,0.9798408790778812,8,0.0,0.0,0.01940406976744186,1.0
v2_baseline_ens,7ch_run1,7,1,AllWalls,45,0.509697288791736,0.6537148538248003,0.6982119374570941,0.6752311109992981,3999115,2118407,1728537,5727652,6117522,1.068068032066194,663,0.8352624491636756,0.7592387928520187,0.053582814412545816,317,175,171,0.4781297134238311,0.26395173453996984,393,163,107,0.5927601809954751,0.2458521870286576,448,136,79,0.6757164404223228,0.20512820512820512,348.0,0.5028735632183908,0.3620689655172414,0.917951260255888,0.7084028067845252,198.0,0.6262626262626263,0.18181818181818182,0.8460505231682015,0.8430774564481753,117,0.15384615384615385,0.1111111111111111,0.5710595011894367,0.778923766963782
v8_coslr_ens,3ch_run1,3,1,wall1,45,0.4350633560607428,0.6002238476898127,0.6125684195732682,0.6063333081753188,409717,272890,259134,668851,682607,1.020566613490897,179,0.7910454166434704,0.6214929991263661,0.07538719357999941,44,66,69,0.24581005586592178,0.3687150837988827,77,62,40,0.4301675977653631,0.3463687150837989,98,53,28,0.547486033519553,0.29608938547486036,83.0,0.3493975903614458,0.43373493975903615,0.8803210307414232,0.5972398825216075,46.0,0.2826086956521739,0.3695652173913043,0.8088832416021772,0.6525274959066046,50,0.04,0.26,0.6264370982788585,0.6366939187180664
v8_coslr_ens,3ch_run1,3,1,wall2,45,0.41120116221082176,0.6480051360661976,0.5294641235500475,0.582767607088169,1851131,1005530,1645104,3496235,2856661,0.8170677886354893,105,0.8937490835550523,0.34168373689103915,0.04805818211799427,16,72,17,0.1523809523809524,0.6857142857142857,23,74,8,0.21904761904761905,0.7047619047619048,26,71,8,0.24761904761904763,0.6761904761904762,97.0,0.16494845360824742,0.7422680412371134,0.9674603481781493,0.34168373689103915,,,,,,8,0.0,0.0,0.0,0.0
v8_coslr_ens,3ch_run1,3,1,wall3,45,0.5197675630789804,0.60744143644552,0.7826638844006355,0.6840092862963265,289181,186883,80302,369483,476064,1.288459820884858,202,0.7178820592127845,0.8257587605451849,0.09654448767051269,97,31,74,0.4801980198019802,0.15346534653465346,121,23,58,0.599009900990099,0.11386138613861387,136,18,48,0.6732673267326733,0.0891089108910891,,,,,,151.0,0.5827814569536424,0.17218543046357615,0.8139999938500696,0.8470413529463025,51,0.17647058823529413,0.09803921568627451,0.4332975860710188,0.7222813285259577
v8_coslr_ens,3ch_run1,3,1,wall4,45,0.38624788704158486,0.45837280474089453,0.7105398367087621,0.5572565926370975,847733,1001707,345350,1193083,1849440,1.550135237866938,177,0.8085794264816638,0.8699769425419148,0.10496336460593739,88,19,70,0.4971751412429379,0.10734463276836158,119,22,36,0.672316384180791,0.12429378531073447,140,15,22,0.7909604519774012,0.0847457627118644,168.0,0.5238095238095238,0.1130952380952381,0.8396490625990516,0.8736311046545546,1.0,0.0,0.0,0.6736725839518142,0.9967973457138578,8,0.0,0.0,0.1729804233327512,0.6255065045851994
v8_coslr_ens,3ch_run1,3,1,AllWalls,45,0.41463113426764886,0.5793510813378593,0.593220747349874,0.5862038862622693,3397762,2467010,2329890,5727652,5864772,1.0239400019414588,663,0.7897006301669662,0.7039862961214254,0.08540108418990011,245,188,230,0.3695324283559578,0.28355957767722473,340,181,142,0.5128205128205128,0.2730015082956259,400,157,106,0.6033182503770739,0.2368024132730015,348.0,0.382183908045977,0.3649425287356322,0.8849751202340785,0.6583761049793005,198.0,0.51010101010101,0.21717171717171718,0.8121025291364267,0.8018324619948016,117,0.09401709401709402,0.15384615384615385,0.46840918966005896,0.6702346398417685
v8_coslr_ens,4ch_run1,4,1,wall1,45,0.3533738995830999,0.6317030315634006,0.44506923066572374,0.5222117844772313,297685,173557,371166,668851,471242,0.7045545270919831,179,0.7451359877979198,0.13765324889508185,0.07223370960039023,1,108,70,0.00558659217877095,0.6033519553072626,10,117,52,0.055865921787709494,0.6536312849162011,17,126,36,0.09497206703910614,0.7039106145251397,83.0,0.0,0.8554216867469879,0.9381703530434757,0.07771027470437442,46.0,0.021739130434782608,0.6521739130434783,0.7833389081701709,0.04675260887858433,50,0.0,0.14,0.3895522547478257,0.4408633778096203
v8_coslr_ens,4ch_run1,4,1,wall2,45,0.48293710874876394,0.738120302495048,0.5827946348000063,0.6513251383347534,2037587,722921,1458648,3496235,2760508,0.7895659187669021,105,0.9023940897569136,0.32956073521033263,0.056188275390708746,14,75,16,0.13333333333333333,0.7142857142857143,18,79,8,0.17142857142857143,0.7523809523809524,25,73,7,0.23809523809523808,0.6952380952380952,97.0,0.14432989690721648,0.7731958762886598,0.969235388307708,0.32757861057746723,,,,,,8,0.0,0.0,0.0919433448285329,0.42569377990430624
v8_coslr_ens,4ch_run1,4,1,wall3,45,0.4685727552477175,0.6543427563847335,0.6227079459677441,0.6381335260011399,230080,121540,139403,369483,351620,0.9516540679814768,202,0.7030366262120386,0.2987242670298592,0.1493908073125026,24,99,79,0.1188118811881188,0.4900990099009901,34,104,64,0.16831683168316833,0.5148514851485149,38,109,55,0.18811881188118812,0.5396039603960396,,,,,,151.0,0.13245033112582782,0.6225165562913907,0.8271439769195541,0.28285011931541754,51,0.0784313725490196,0.09803921568627451,0.335581529019199,0.39142928968219837
v8_coslr_ens,4ch_run1,4,1,wall4,45,0.4654488112589432,0.5132616161762185,0.8332362459275675,0.6352303917856861,994120,942748,198963,1193083,1936868,1.6234142972450365,177,0.8975521975034817,0.6014528800868257,0.032816223246704315,75,83,19,0.423728813559322,0.4689265536723164,84,80,13,0.4745762711864407,0.4519774011299435,93,74,10,0.5254237288135594,0.4180790960451977,168.0,0.44642857142857145,0.49404761904761907,0.9424159493747791,0.5992586658416761,1.0,0.0,0.0,0.540859463153378,0.9700808732719812,8,0.0,0.0,0.0,0.0
v8_coslr_ens,4ch_run1,4,1,AllWalls,45,0.4629654631160793,0.6448040827225203,0.6214539570490665,0.6329137287082288,3559472,1960766,2168180,5727652,5520238,0.9637872552312885,663,0.7979047642432151,0.3483178743886088,0.08267725117086948,114,365,184,0.17194570135746606,0.55052790346908,146,380,137,0.22021116138763197,0.5731523378582202,173,382,108,0.2609351432880845,0.5761689291101055,348.0,0.2557471264367816,0.6580459770114943,0.9488788835155718,0.39913946519505455,198.0,0.10606060606060606,0.6262626262626263,0.8155211603728987,0.2340201474403359,117,0.03418803418803419,0.10256410256410256,0.31904117500853585,0.41825281711326
v8_coslr_ens,7ch_run1,7,1,wall1,45,0.4312701720676708,0.5986057495866074,0.606728553893169,0.6026397817606167,405811,272116,263040,668851,677927,1.0135695394041424,179,0.7708989444578915,0.4632844453968317,0.06765615213941274,23,85,71,0.12849162011173185,0.4748603351955307,41,91,47,0.22905027932960895,0.5083798882681564,61,84,34,0.3407821229050279,0.4692737430167598,83.0,0.13253012048192772,0.5662650602409639,0.8254810711590981,0.4055188928684178,46.0,0.15217391304347827,0.6304347826086957,0.8373183130464743,0.33930913333328405,50,0.1,0.18,0.6191867950323924,0.6902331337066826
v8_coslr_ens,7ch_run1,7,1,wall2,45,0.5033511266113493,0.6928349325062674,0.6479455757407612,0.6696388058669105,2265370,1004341,1230865,3496235,3269711,0.935209160711451,105,0.8980001216963588,0.487438900379688,0.0250550948012509,28,60,17,0.26666666666666666,0.5714285714285714,34,63,8,0.3238095238095238,0.6,43,54,8,0.4095238095238095,0.5142857142857142,97.0,0.28865979381443296,0.6185567010309279,0.9711538776857568,0.49246404368257146,,,,,,8,0.0,0.0,0.011010830324909748,0.0
v8_coslr_ens,7ch_run1,7,1,wall3,45,0.5664259840325648,0.6904396237281628,0.7592419678307256,0.7232081053384636,280527,125775,88956,369483,406302,1.099650051558529,202,0.7573738134813377,0.6656339406838058,0.10180926326845315,69,62,71,0.3415841584158416,0.3069306930693069,91,59,52,0.4504950495049505,0.29207920792079206,109,52,41,0.5396039603960396,0.25742574257425743,,,,,,151.0,0.3708609271523179,0.3841059602649007,0.8249258132586217,0.6608875686712715,51,0.2549019607843137,0.0784313725490196,0.5573669121799667,0.6841063074352907
v8_coslr_ens,7ch_run1,7,1,wall4,45,0.4472870510717524,0.4803407519379593,0.8666672813207463,0.6181041290192227,1034006,1118645,159077,1193083,2152651,1.804275980799324,177,0.8463263414672586,0.8573924737759904,0.05210255314546047,109,26,42,0.615819209039548,0.14689265536723164,130,24,23,0.7344632768361582,0.13559322033898305,138,21,18,0.7796610169491526,0.11864406779661017,168.0,0.6488095238095238,0.15476190476190477,0.8870231713858555,0.8557715072981379,1.0,0.0,0.0,0.7432417399043275,0.9806234499198121,8,0.0,0.0,0.004578488372093023,1.0
v8_coslr_ens,7ch_run1,7,1,AllWalls,45,0.48320300504489955,0.6125656276842973,0.6958722352545161,0.6515669175444693,3985714,2520877,1741938,5727652,6506591,1.1359962162505683,663,0.8070440371025871,0.631966719946432,0.06716268367128245,229,233,201,0.3453996983408748,0.3514328808446455,296,237,130,0.4464555052790347,0.3574660633484163,351,211,101,0.5294117647058824,0.31825037707390647,348.0,0.42528735632183906,0.382183908045977,0.8957952523981243,0.6453880135548522,198.0,0.3181818181818182,0.4393939393939394,0.8273923330408789,0.5851133689629003,117,0.15384615384615385,0.1111111111111111,0.5086304856613156,0.6830900885366253
v2_yaw_correction-epsV1,3ch_run1,3,1,wall1,45,0.41046004883141446,0.5774761688205609,0.5866418679197609,0.5820229352422798,392376,287091,276475,668851,679467,1.0158719954070488,179,0.7366256945268902,0.6412880600020956,0.09744177159312827,44,52,83,0.24581005586592178,0.2905027932960894,69,55,55,0.3854748603351955,0.30726256983240224,95,47,37,0.5307262569832403,0.26256983240223464,83.0,0.2289156626506024,0.39759036144578314,0.7758769492703312,0.5705532256195791,46.0,0.5217391304347826,0.13043478260869565,0.8179157808561021,0.8401683048866804,50,0.02,0.26,0.5966817322299028,0.567526201113211
v2_yaw_correction-epsV1,3ch_run1,3,1,wall2,45,0.4135437491933891,0.6170552153078172,0.5563210138906567,0.5851163070536299,1945029,1207086,1551206,3496235,3152115,0.901574121876819,105,0.8979774917427734,0.37055515757667407,0.050335151646957024,18,74,13,0.17142857142857143,0.7047619047619048,23,74,8,0.21904761904761905,0.7047619047619048,28,69,8,0.26666666666666666,0.6571428571428571,97.0,0.18556701030927836,0.7628865979381443,0.9720374910617652,0.37055515757667407,,,,,,8,0.0,0.0,0.0,0.0
v2_yaw_correction-epsV1,3ch_run1,3,1,wall3,45,0.4968489647345547,0.5826602145393659,0.7713561923011343,0.6638598501788909,285003,204138,84480,369483,489141,1.3238525182484715,202,0.6996915691799179,0.912605332059656,0.08954764885864726,97,19,86,0.4801980198019802,0.09405940594059406,127,12,63,0.6287128712871287,0.0594059405940594,146,7,49,0.7227722772277227,0.034653465346534656,,,,,,151.0,0.5960264900662252,0.09933774834437085,0.7960491172478177,0.9172963731866218,51,0.13725490196078433,0.0784313725490196,0.4143976523514299,0.8901206866579918
v2_yaw_correction-epsV1,3ch_run1,3,1,wall4,45,0.3741350915528908,0.4408728504821574,0.711944600669023,0.5445390250969954,849409,1077244,343674,1193083,1926653,1.61485244530347,177,0.7916712653752573,0.8217910814320565,0.11709253181077871,76,24,77,0.4293785310734463,0.13559322033898305,108,29,40,0.6101694915254238,0.1638418079096045,125,28,24,0.7062146892655368,0.15819209039548024,168.0,0.4523809523809524,0.14285714285714285,0.8240016413510775,0.819167581639288,1.0,0.0,0.0,0.48751648840646505,0.9940591465306843,8,0.0,0.0,0.1507527170041319,0.9534075316825117
v2_yaw_correction-epsV1,3ch_run1,3,1,AllWalls,45,0.40829481945114615,0.5557240351789295,0.6061501292327117,0.5798428195742006,3471817,2775559,2255835,5727652,6247376,1.0907394513493487,663,0.7656216393651107,0.7243300946555417,0.09282243022331073,235,169,259,0.35444947209653094,0.2549019607843137,327,170,166,0.49321266968325794,0.2564102564102564,394,151,118,0.5942684766214178,0.2277526395173454,348.0,0.32471264367816094,0.3764367816091954,0.8537864918661198,0.6339450241677238,198.0,0.5757575757575758,0.10606060606060606,0.7995710056172102,0.8992698936656796,117,0.06837606837606838,0.1452991452991453,0.4459349454483002,0.7101600425489468
v2_yaw_correction-epsV1,3ch_run2,3,2,wall1,45,0.39097745168025505,0.5809615565597579,0.5445413103964859,0.562162170505305,364217,262704,304634,668851,626921,0.9373104024663191,179,0.7389700899151248,0.6816318321521149,0.08172569249468373,48,53,78,0.2681564245810056,0.29608938547486036,81,44,54,0.45251396648044695,0.24581005586592178,97,43,39,0.5418994413407822,0.24022346368715083,83.0,0.37349397590361444,0.3132530120481928,0.829314015232521,0.6508915347442888,46.0,0.30434782608695654,0.43478260869565216,0.8302686794051047,0.6671707757896022,50,0.06,0.14,0.5050044715574659,0.766955909649204
v2_yaw_correction-epsV1,3ch_run2,3,2,wall2,45,0.41730533825808686,0.7050347631475137,0.5055721368843914,0.5888714689679618,1767599,739510,1728636,3496235,2507109,0.7170882392058886,105,0.9034993377782725,0.31731465473169895,0.05418688993736162,16,75,14,0.1523809523809524,0.7142857142857143,20,77,8,0.19047619047619047,0.7333333333333333,20,77,8,0.19047619047619047,0.7333333333333333,97.0,0.16494845360824742,0.7731958762886598,0.9780147470795733,0.31731465473169895,,,,,,8,0.0,0.0,0.0,0.0
v2_yaw_correction-epsV1,3ch_run2,3,2,wall3,45,0.5017619863567295,0.5986691954096885,0.7560835004587492,0.6682310391595445,279360,187275,90123,369483,466635,1.2629403788536955,202,0.7071362281473504,0.8680281303715065,0.10162707166429284,101,22,79,0.5,0.10891089108910891,127,14,61,0.6287128712871287,0.06930693069306931,140,8,54,0.693069306930693,0.039603960396039604,,,,,,151.0,0.6291390728476821,0.11920529801324503,0.8018458224791073,0.8622086962066337,51,0.11764705882352941,0.0784313725490196,0.42672154689058006,0.8943094459548032
v2_yaw_correction-epsV1,3ch_run2,3,2,wall4,45,0.3955048924222784,0.479998000061626,0.6920071780420977,0.5668269521230728,825622,894431,367461,1193083,1720053,1.4416876277677244,177,0.7056081720332368,0.7197790656768903,0.2176539033689264,62,15,100,0.3502824858757062,0.0847457627118644,89,18,70,0.5028248587570622,0.1016949152542373,113,22,42,0.6384180790960452,0.12429378531073447,168.0,0.36904761904761907,0.08928571428571429,0.7301049662191559,0.7201943540108227,1.0,0.0,0.0,0.6716939751760088,0.9960784744496683,8,0.0,0.0,0.19541476873609046,0.60525369272029
v2_yaw_correction-epsV1,3ch_run2,3,2,AllWalls,45,0.4143593632626058,0.6083385738541303,0.5651177829937992,0.5859322234863605,3236798,2083920,2490854,5727652,5320718,0.9289527366536934,663,0.7464211781254504,0.6864349168269027,0.11971633751502034,227,165,271,0.34238310708898945,0.248868778280543,317,153,193,0.4781297134238311,0.23076923076923078,370,150,143,0.5580693815987934,0.22624434389140272,348.0,0.3132183908045977,0.3333333333333333,0.8228681840684943,0.5889270167382984,198.0,0.5505050505050505,0.1919191919191919,0.8077917799098789,0.816544919341194,117,0.07692307692307693,0.09401709401709402,0.41518239845454363,0.8157284867574692
v2_yaw_correction-epsV1,3ch_run3,3,3,wall1,45,0.43487873948781514,0.6409967893899841,0.5749038276088396,0.6061539940901858,384525,215361,284326,668851,599886,0.8968903388049058,179,0.7769521618564079,0.6233279117049767,0.08552720680627335,50,56,73,0.27932960893854747,0.3128491620111732,84,52,43,0.4692737430167598,0.2905027932960894,98,48,33,0.547486033519553,0.2681564245810056,83.0,0.3614457831325301,0.39759036144578314,0.8848914035976368,0.5882673866827578,46.0,0.3695652173913043,0.30434782608695654,0.8222643083512046,0.5921598373255651,50,0.06,0.18,0.5560858457907552,0.7302660716773636
v2_yaw_correction-epsV1,3ch_run3,3,3,wall2,45,0.42087605134121375,0.7132477925178163,0.5065960955141745,0.5924176861787971,1771179,712080,1725056,3496235,2483259,0.7102666153733945,105,0.9064470338324795,0.3054153629975792,0.05396817461725534,20,75,10,0.19047619047619047,0.7142857142857143,20,77,8,0.19047619047619047,0.7333333333333333,20,77,8,0.19047619047619047,0.7333333333333333,97.0,0.20618556701030927,0.7731958762886598,0.9812055520867046,0.3054153629975792,,,,,,8,0.0,0.0,0.0,0.0
v2_yaw_correction-epsV1,3ch_run3,3,3,wall3,45,0.5139234879564376,0.6194924392786896,0.7509817772400895,0.6789292748871408,277475,170432,92008,369483,447907,1.2122533377719678,202,0.7039275378801473,0.8313658608305302,0.1197359898591093,94,31,77,0.46534653465346537,0.15346534653465346,124,18,60,0.6138613861386139,0.0891089108910891,138,10,54,0.6831683168316832,0.04950495049504951,,,,,,151.0,0.5827814569536424,0.16556291390728478,0.8050229170540425,0.8356646623397735,51,0.11764705882352941,0.11764705882352941,0.4046059250319481,0.8097183246589829
v2_yaw_correction-epsV1,3ch_run3,3,3,wall4,45,0.4033643253637687,0.4902149204869891,0.6948175441272736,0.574853326500532,828975,862069,364108,1193083,1691044,1.4173733093171221,177,0.7784470716101349,0.7790403378620395,0.1545925261242209,73,26,78,0.4124293785310734,0.14689265536723164,100,27,50,0.5649717514124294,0.15254237288135594,128,23,26,0.7231638418079096,0.12994350282485875,168.0,0.43452380952380953,0.15476190476190477,0.80843863596688,0.774826636100126,1.0,0.0,0.0,0.5585874799357945,0.9398227155993704,8,0.0,0.0,0.176106669077781,0.9586043761088113
v2_yaw_correction-epsV1,3ch_run3,3,3,AllWalls,45,0.4243400470940583,0.6246828859523073,0.5695447279269061,0.5958409271154003,3262154,1959942,2465498,5727652,5222096,0.911734162620215,663,0.77561066342608,0.6743926026242165,0.10939000818802701,237,188,238,0.3574660633484163,0.28355957767722473,328,174,161,0.4947209653092006,0.26244343891402716,384,158,121,0.579185520361991,0.2383107088989442,348.0,0.35344827586206895,0.3850574712643678,0.8748293560156611,0.598505615974992,198.0,0.5303030303030303,0.19696969696969696,0.8077838693901597,0.777624239492823,117,0.07692307692307693,0.1282051282051282,0.4260516907588834,0.7712474519136973
v2_yaw_correction-epsV1,3ch_run4,3,4,wall1,45,0.40042993733891974,0.5811839535619727,0.5628443405182918,0.5718671483127702,376459,271286,292392,668851,647745,0.9684443919497766,179,0.7830134288664578,0.6283219458375345,0.07824657482841343,40,65,74,0.22346368715083798,0.36312849162011174,82,54,43,0.4581005586592179,0.3016759776536313,103,47,29,0.5754189944134078,0.26256983240223464,83.0,0.2891566265060241,0.3855421686746988,0.8424145099824624,0.6449335354535761,46.0,0.2826086956521739,0.41304347826086957,0.8473515506195761,0.5916367688456418,50,0.06,0.28,0.6252165622010213,0.6353629852550895
v2_yaw_correction-epsV1,3ch_run4,3,4,wall2,45,0.40602349031278084,0.7442058525411519,0.471876747415434,0.577548658482879,1649792,567057,1846443,3496235,2216849,0.6340675040436355,105,0.9068081040428692,0.2610519252750234,0.06123906614902585,14,78,13,0.13333333333333333,0.7428571428571429,15,82,8,0.14285714285714285,0.780952380952381,17,80,8,0.1619047619047619,0.7619047619047619,97.0,0.14432989690721648,0.8041237113402062,0.9815964012835182,0.2610519252750234,,,,,,8,0.0,0.0,0.0,0.0
v2_yaw_correction-epsV1,3ch_run4,3,4,wall3,45,0.47454693545102833,0.5598832425419973,0.7568954457985888,0.643651177242284,279660,219837,89823,369483,499497,1.3518808713797388,202,0.7091289503572313,0.8508100283418479,0.10263816619046974,100,22,80,0.49504950495049505,0.10891089108910891,125,16,61,0.6188118811881188,0.07920792079207921,140,10,52,0.693069306930693,0.04950495049504951,,,,,,151.0,0.609271523178808,0.11258278145695365,0.7893027850516321,0.8558616493064432,51,0.1568627450980392,0.09803921568627451,0.47175151822282946,0.828393460311457
v2_yaw_correction-epsV1,3ch_run4,3,4,wall4,45,0.391756947260684,0.4802381027063528,0.680132061222899,0.5629674750778243,811454,878237,381629,1193083,1689691,1.4162392725401334,177,0.7478386873011067,0.7255962322682741,0.17622823081631225,55,27,95,0.3107344632768362,0.15254237288135594,90,35,52,0.5084745762711864,0.1977401129943503,111,34,32,0.6271186440677966,0.192090395480226,168.0,0.3273809523809524,0.16071428571428573,0.7745107405142809,0.7218417813302517,1.0,0.0,0.0,0.5661522813597571,0.9946552235038467,8,0.0,0.0,0.21043637056711983,0.8424047034476517
v2_yaw_correction-epsV1,3ch_run4,3,4,AllWalls,45,0.4067506438159677,0.6168380432713559,0.5442657829072017,0.578283927722416,3117365,1936417,2610287,5727652,5053782,0.8823479499103647,663,0.7707175721207448,0.6604388681532943,0.10914260220949602,209,192,262,0.3152337858220211,0.2895927601809955,312,187,164,0.47058823529411764,0.28205128205128205,371,171,121,0.5595776772247361,0.2579185520361991,348.0,0.2672413793103448,0.3936781609195402,0.8484283323547265,0.5735769784254711,198.0,0.5303030303030303,0.18181818181818182,0.8016618391548317,0.7933545958674078,117,0.09401709401709402,0.1623931623931624,0.4872106538799344,0.7248116741548455
v2_yaw_correction-epsV1,3ch_run5,3,5,wall1,45,0.40774221016401313,0.5984785200961605,0.5612849498617779,0.5792853367897633,375416,251868,293435,668851,627284,0.9378531242384328,179,0.7804195746090707,0.5780552091812,0.08644742556782954,34,69,76,0.18994413407821228,0.3854748603351955,70,67,42,0.39106145251396646,0.3743016759776536,91,60,28,0.5083798882681564,0.33519553072625696,83.0,0.1686746987951807,0.5180722891566265,0.8441395286090122,0.4731226323391768,46.0,0.41304347826086957,0.2608695652173913,0.8176760142317963,0.7218254498246444,50,0.02,0.28,0.6403685265162605,0.6361896796586728
v2_yaw_correction-epsV1,3ch_run5,3,5,wall2,45,0.38901080542651717,0.7138420100164135,0.460882063133628,0.5601263919715375,1611352,645943,1884883,3496235,2257295,0.6456359483844765,105,0.9047419736908835,0.25439756690172316,0.05253060312234531,9,82,14,0.08571428571428572,0.780952380952381,14,83,8,0.13333333333333333,0.7904761904761904,16,81,8,0.1523809523809524,0.7714285714285715,97.0,0.09278350515463918,0.845360824742268,0.9793598684282759,0.25439756690172316,,,,,,8,0.0,0.0,0.0,0.0
v2_yaw_correction-epsV1,3ch_run5,3,5,wall3,45,0.49889233198128974,0.5680045893488861,0.8039287328510378,0.6656813452662553,297038,225912,72445,369483,522950,1.415356051563942,202,0.7125592397109969,0.8992884731604609,0.10377567927958732,104,15,83,0.5148514851485149,0.07425742574257425,135,7,60,0.6683168316831684,0.034653465346534656,152,4,46,0.7524752475247525,0.019801980198019802,,,,,,151.0,0.6357615894039735,0.08609271523178808,0.7990435766659205,0.9060105579766076,51,0.1568627450980392,0.0392156862745098,0.45649777147190945,0.8709742371166918
v2_yaw_correction-epsV1,3ch_run5,3,5,wall4,45,0.3785342497963531,0.4689579273049803,0.6625230600050458,0.5491836707753512,790445,895090,402638,1193083,1685535,1.4127558602377202,177,0.7420090511200753,0.7431650751179443,0.18442648616237386,64,21,92,0.3615819209039548,0.11864406779661017,96,26,55,0.5423728813559322,0.14689265536723164,119,21,37,0.672316384180791,0.11864406779661017,168.0,0.38095238095238093,0.125,0.7682372799563281,0.7443285059589868,1.0,0.0,0.0,0.6297299874449724,0.928597671896983,8,0.0,0.0,0.20525112851815344,0.6173655132675885
v2_yaw_correction-epsV1,3ch_run5,3,5,AllWalls,45,0.396858567101252,0.6036152304388871,0.5367384401147276,0.5682158186205054,3074251,2018813,2653401,5727652,5093064,0.8892062576427479,663,0.769178853035356,0.6634692313703641,0.11251278698296314,211,187,265,0.31825037707390647,0.28205128205128205,315,183,165,0.4751131221719457,0.27601809954751133,378,166,119,0.5701357466063348,0.25037707390648567,348.0,0.25,0.41954022988505746,0.8451877906458445,0.5413331766865265,198.0,0.5808080808080808,0.12626262626262627,0.802517205649806,0.8620890490376618,117,0.07692307692307693,0.13675213675213677,0.48668223674380884,0.7360782237747945
v2_yaw_correction-epsV1,4ch_run1,4,1,wall1,45,0.3269498416788725,0.5034258272908904,0.48258281739879283,0.4927840245494309,322776,318383,346075,668851,641159,0.9585976547840999,179,0.7164358050016983,0.3489156105376856,0.057428657669702655,10,88,81,0.055865921787709494,0.49162011173184356,27,100,52,0.15083798882681565,0.5586592178770949,37,96,46,0.20670391061452514,0.5363128491620112,83.0,0.04819277108433735,0.7349397590361446,0.9164331906876548,0.1900649672871642,46.0,0.10869565217391304,0.4782608695652174,0.72905766513202,0.40990656338144915,50,0.02,0.1,0.3728280334431154,0.7173285182342021
v2_yaw_correction-epsV1,4ch_run1,4,1,wall2,45,0.46297441403527784,0.7012848070007026,0.5767037970845781,0.6329220929548175,2016292,858848,1479943,3496235,2875140,0.822353188501345,105,0.9023173596284946,0.3896092196887506,0.030502199456501265,19,70,16,0.18095238095238095,0.6666666666666666,25,73,7,0.23809523809523808,0.6952380952380952,34,64,7,0.3238095238095238,0.6095238095238096,97.0,0.1958762886597938,0.711340206185567,0.9674245031904177,0.384697990582718,,,,,,8,0.0,0.125,0.11289324394017534,0.8659984429739198
v2_yaw_correction-epsV1,4ch_run1,4,1,wall3,45,0.45527822590920586,0.6228115103360802,0.6285999626505143,0.625692349137931,232257,140660,137226,369483,372917,1.0092940676566986,202,0.6476069743154155,0.4713680469004764,0.1786377228274947,41,64,97,0.20297029702970298,0.31683168316831684,56,69,77,0.27722772277227725,0.3415841584158416,64,71,67,0.31683168316831684,0.35148514851485146,,,,,,151.0,0.2185430463576159,0.3973509933774834,0.7372673902255557,0.4677694909448532,51,0.1568627450980392,0.0784313725490196,0.38214182132656876,0.49046807466493764
v2_yaw_correction-epsV1,4ch_run1,4,1,wall4,45,0.43557962114292303,0.4931654333101653,0.7885972727798485,0.6068345004732519,940862,966940,252221,1193083,1907802,1.599052203409151,177,0.8927673339805877,0.7391443343228775,0.033498005003050446,102,48,27,0.576271186440678,0.2711864406779661,111,51,15,0.6271186440677966,0.288135593220339,119,46,12,0.672316384180791,0.2598870056497175,168.0,0.6071428571428571,0.2857142857142857,0.9379369962401811,0.7435440029795612,1.0,0.0,0.0,0.4464027462136262,0.0,8,0.0,0.0,0.0,0.0
v2_yaw_correction-epsV1,4ch_run1,4,1,AllWalls,45,0.4383394011569198,0.6058609788687909,0.6131983926397763,0.6095076041222872,3512187,2284831,2215465,5727652,5797018,1.012110721810613,663,0.7719785200340481,0.5030574385856299,0.08370501894796874,172,270,221,0.2594268476621418,0.4072398190045249,219,293,151,0.33031674208144796,0.4419306184012066,254,277,132,0.38310708898944196,0.4177978883861237,348.0,0.35919540229885055,0.5114942528735632,0.941027433922116,0.5115129019308178,198.0,0.1919191919191919,0.41414141414141414,0.7338910670017448,0.4519908824946065,117,0.07692307692307693,0.08547008547008547,0.3336220556524118,0.6146552752331099
v2_yaw_correction-epsV1,4ch_run2,4,2,wall1,45,0.3371507460464882,0.5300936150575205,0.48086793620701773,0.5042823287401683,321629,285111,347222,668851,606740,0.9071377631191402,179,0.7020135920509216,0.3374277366239471,0.07342584339653134,10,90,79,0.055865921787709494,0.5027932960893855,21,99,59,0.11731843575418995,0.553072625698324,33,98,48,0.18435754189944134,0.547486033519553,83.0,0.024096385542168676,0.7590361445783133,0.9146132198483488,0.21916573483572646,46.0,0.10869565217391304,0.5217391304347826,0.6988048452632225,0.34618608965441855,50,0.06,0.06,0.35205025695187603,0.6754781661669275
v2_yaw_correction-epsV1,4ch_run2,4,2,wall2,45,0.47745504553469054,0.7125656953061266,0.5913455474245868,0.6463209110526943,2067483,833980,1428752,3496235,2901463,0.8298821446498876,105,0.8953908456440302,0.4172348090999527,0.0522133054283632,21,67,17,0.2,0.638095238095238,27,70,8,0.2571428571428571,0.6666666666666666,35,62,8,0.3333333333333333,0.5904761904761905,97.0,0.21649484536082475,0.6907216494845361,0.9692375133260122,0.4172348090999527,,,,,,8,0.0,0.0,0.0,0.0
v2_yaw_correction-epsV1,4ch_run2,4,2,wall3,45,0.4561009910944288,0.6218992780428481,0.631106167266153,0.626468897259133,233183,141770,136300,369483,374953,1.0148044700297443,202,0.6377283625093144,0.4915025667139283,0.17171073540834617,39,59,104,0.19306930693069307,0.29207920792079206,53,69,80,0.2623762376237624,0.3415841584158416,66,66,70,0.32673267326732675,0.32673267326732675,,,,,,151.0,0.2119205298013245,0.36423841059602646,0.7213452030173165,0.4752294064341672,51,0.13725490196078433,0.0784313725490196,0.3901569327699353,0.5652742266488445
v2_yaw_correction-epsV1,4ch_run2,4,2,wall4,45,0.4328143913860524,0.4811714420741752,0.8115579553140896,0.60414579025461,968256,1044033,224827,1193083,2012289,1.6866295136214329,177,0.8915080384260298,0.7798759131883709,0.024988143062886256,102,48,27,0.576271186440678,0.2711864406779661,115,47,15,0.6497175141242938,0.2655367231638418,128,38,11,0.7231638418079096,0.21468926553672316,168.0,0.6071428571428571,0.2857142857142857,0.9379360273888182,0.7845180317192542,1.0,0.0,0.0,0.22367020008581917,0.0,8,0.0,0.0,0.0,0.0
v2_yaw_correction-epsV1,4ch_run2,4,2,AllWalls,45,0.4470003657619888,0.6090381642098264,0.626880089781991,0.617830342463803,3590551,2304894,2137101,5727652,5895445,1.0292952504796031,663,0.7636418156832985,0.5228333106625355,0.08708007980780398,172,264,227,0.2594268476621418,0.39819004524886875,216,285,162,0.3257918552036199,0.4298642533936652,262,264,137,0.3951734539969834,0.39819004524886875,348.0,0.35919540229885055,0.5114942528735632,0.9410982432222917,0.5473033385140672,198.0,0.18686868686868688,0.398989898989899,0.7135950441303477,0.44338216305775974,117,0.08547008547008547,0.05982905982905983,0.320517234349235,0.6184761284851604
v2_yaw_correction-epsV1,4ch_run3,4,3,wall1,45,0.3688320529537754,0.5518842569303075,0.5265133789139883,0.5389003744584737,352159,285944,316692,668851,638103,0.954028625209501,179,0.7382217782194437,0.3417207872749119,0.08642945034479,12,84,83,0.0670391061452514,0.4692737430167598,28,100,51,0.1564245810055866,0.5586592178770949,38,103,38,0.2122905027932961,0.5754189944134078,83.0,0.024096385542168676,0.7349397590361446,0.9095346924911089,0.20330908168013603,46.0,0.17391304347826086,0.41304347826086957,0.7636885966603898,0.4230780035751559,50,0.04,0.08,0.4304128675628088,0.6026240149700925
v2_yaw_correction-epsV1,4ch_run3,4,3,wall2,45,0.48460741062716545,0.695893363687633,0.6148079291008757,0.6528425052417667,2149513,939341,1346722,3496235,3088854,0.8834800864358374,105,0.8945699638764633,0.4883492062753109,0.06046238532152001,23,61,21,0.21904761904761905,0.580952380952381,36,61,8,0.34285714285714286,0.580952380952381,43,55,7,0.4095238095238095,0.5238095238095238,97.0,0.23711340206185566,0.6185567010309279,0.9556338140878518,0.4894955195345815,,,,,,8,0.0,0.125,0.15417078006338053,0.4327530132006887
v2_yaw_correction-epsV1,4ch_run3,4,3,wall3,45,0.4819730832222821,0.6600107542160148,0.6411580505733687,0.6504478234845115,236897,122032,132586,369483,358929,0.9714357629444386,202,0.681943131137839,0.47524907754862217,0.16581758605748667,40,79,83,0.19801980198019803,0.3910891089108911,53,80,69,0.2623762376237624,0.39603960396039606,71,70,61,0.35148514851485146,0.3465346534653465,,,,,,151.0,0.2119205298013245,0.5033112582781457,0.7929026675043412,0.48589458909340333,51,0.1568627450980392,0.058823529411764705,0.353415876405646,0.42532529926964874
v2_yaw_correction-epsV1,4ch_run3,4,3,wall4,45,0.4406847907769122,0.48434669116909956,0.830179459434088,0.6117712820987941,990473,1054494,202610,1193083,2044967,1.7140190581879047,177,0.89311158456661,0.7827020135609664,0.0292268926242543,100,48,29,0.5649717514124294,0.2711864406779661,117,47,13,0.6610169491525424,0.2655367231638418,130,38,9,0.7344632768361582,0.21468926553672316,168.0,0.5952380952380952,0.2857142857142857,0.9326615748749716,0.7802385410581492,1.0,0.0,0.0,0.733722168364509,0.9792674075952467,8,0.0,0.0,0.08248546511627906,1.0
v2_yaw_correction-epsV1,4ch_run3,4,3,AllWalls,45,0.4587070511299455,0.6082419526287778,0.6510594568245417,0.6289227857980412,3729042,2401811,1998610,5727652,6130853,1.0703955128558789,663,0.7871867382600943,0.5300910403911804,0.09123338529197939,175,272,216,0.26395173453996984,0.41025641025641024,234,288,141,0.35294117647058826,0.4343891402714932,282,266,115,0.4253393665158371,0.40120663650075417,348.0,0.35919540229885055,0.48563218390804597,0.9335488621329854,0.5615971094025136,198.0,0.20202020202020202,0.4797979797979798,0.7858166687267575,0.4730738554130775,117,0.08547008547008547,0.06837606837606838,0.3541718208227834,0.5206235508761929
v2_yaw_correction-epsV1,4ch_run4,4,4,wall1,45,0.33584105669983605,0.5321552776261242,0.47654260814441485,0.502815892677417,318736,280217,350115,668851,598953,0.8954954092914565,179,0.7085787692135119,0.26204285014464235,0.07959884624500457,9,91,79,0.05027932960893855,0.5083798882681564,21,104,54,0.11731843575418995,0.5810055865921788,30,104,45,0.16759776536312848,0.5810055865921788,83.0,0.03614457831325301,0.7590361445783133,0.9013247117545881,0.12070201413592163,46.0,0.08695652173913043,0.5434782608695652,0.7472997481090199,0.2753381752397054,50,0.04,0.06,0.35299720401145845,0.6758534329124634
v2_yaw_correction-epsV1,4ch_run4,4,4,wall2,45,0.4730487210495577,0.6742046672018832,0.6132267996859478,0.6422716564493631,2143985,1036036,1352250,3496235,3180021,0.9095558507937824,105,0.8915157405716261,0.5037004948332471,0.0558873981555829,28,59,18,0.26666666666666666,0.5619047619047619,37,60,8,0.3523809523809524,0.5714285714285714,43,54,8,0.4095238095238095,0.5142857142857142,97.0,0.28865979381443296,0.5979381443298969,0.9554800125565853,0.4999563892614271,,,,,,8,0.0,0.125,0.1159489427539969,0.866878735299788
v2_yaw_correction-epsV1,4ch_run4,4,4,wall3,45,0.44927672126664125,0.6175656334836161,0.6224562429123938,0.6200012939888824,229987,142422,139496,369483,372409,1.0079191735479034,202,0.6490867963623292,0.4731305749601527,0.14754646268148103,36,78,88,0.1782178217821782,0.38613861386138615,48,78,76,0.2376237623762376,0.38613861386138615,58,79,65,0.2871287128712871,0.3910891089108911,,,,,,151.0,0.18543046357615894,0.4768211920529801,0.7404284206046963,0.47487684775395406,51,0.1568627450980392,0.11764705882352941,0.3786439481153214,0.46500137402349134
v2_yaw_correction-epsV1,4ch_run4,4,4,wall4,45,0.4173219485373561,0.460208526798185,0.8174586344789089,0.5888880066635852,975296,1143952,217787,1193083,2119248,1.7762787668586344,177,0.8751755519088847,0.800518103248504,0.0309646826083793,111,34,32,0.6271186440677966,0.192090395480226,123,38,16,0.6949152542372882,0.21468926553672316,132,33,12,0.7457627118644068,0.1864406779661017,168.0,0.6607142857142857,0.20238095238095238,0.9211330476789947,0.8100480806681292,1.0,0.0,0.0,0.142348584778221,0.0,8,0.0,0.0,0.0016715116279069767,0.0
v2_yaw_correction-epsV1,4ch_run4,4,4,AllWalls,45,0.44032186677060875,0.5849497442920816,0.6404027339649825,0.6114214842240343,3668004,2602627,2059648,5727652,6270631,1.09479957930405,663,0.7639009924619947,0.5186209821256073,0.08356184700985571,184,262,217,0.277526395173454,0.3951734539969834,229,280,154,0.3453996983408748,0.42232277526395173,263,270,130,0.39668174962292607,0.4072398190045249,348.0,0.40804597701149425,0.4454022988505747,0.9259823686887664,0.5592014784019703,198.0,0.16161616161616163,0.4898989898989899,0.7390041843894054,0.42512684161152486,117,0.08547008547008547,0.08547008547008547,0.32394585632059447,0.562068297769268
v2_yaw_correction-epsV1,4ch_run5,4,5,wall1,45,0.3384651706568738,0.5215997991750926,0.49083727167934266,0.5057511813934858,328297,301107,340554,668851,629404,0.9410227389956807,179,0.7420080709658878,0.33236181871465686,0.06614657909348494,10,90,79,0.055865921787709494,0.5027932960893855,24,103,52,0.1340782122905028,0.5754189944134078,40,103,36,0.22346368715083798,0.5754189944134078,83.0,0.024096385542168676,0.8072289156626506,0.9374593560593951,0.1415853458214516,46.0,0.15217391304347827,0.391304347826087,0.7076949746483819,0.48941444321665833,50,0.02,0.1,0.44912698632277037,0.6086938671133033
v2_yaw_correction-epsV1,4ch_run5,4,5,wall2,45,0.47306188913474934,0.7362325923751563,0.5695987254861301,0.64228379353785,1991451,713470,1504784,3496235,2704921,0.773666815874791,105,0.9210820214186334,0.3925192605846684,0.038632706077594316,21,73,11,0.2,0.6952380952380952,29,70,6,0.2761904761904762,0.6666666666666666,35,64,6,0.3333333333333333,0.6095238095238096,97.0,0.21649484536082475,0.7422680412371134,0.9765769697770423,0.37681157887208144,,,,,,8,0.0,0.125,0.248205772572925,0.9004009692916499
v2_yaw_correction-epsV1,4ch_run5,4,5,wall3,45,0.46558110550741016,0.6203370163608938,0.6511152069242698,0.6353535860387852,240576,147239,128907,369483,387815,1.0496152732331392,202,0.651509746336963,0.498974820293938,0.17068870134652453,40,67,95,0.19801980198019803,0.3316831683168317,52,72,78,0.25742574257425743,0.3564356435643564,70,70,62,0.3465346534653465,0.3465346534653465,,,,,,151.0,0.2251655629139073,0.3973509933774834,0.7389619690755191,0.5183392698224486,51,0.11764705882352941,0.13725490196078433,0.39258257705221833,0.4014353708169961
v2_yaw_correction-epsV1,4ch_run5,4,5,wall4,45,0.4670358105679148,0.5276725639673331,0.8025367891420798,0.6367067623074821,957493,857066,235590,1193083,1814559,1.5208992165674977,177,0.9041430754500739,0.6943430131658843,0.03452682776359978,88,69,20,0.4971751412429379,0.3898305084745763,102,63,12,0.576271186440678,0.3559322033898305,115,52,10,0.6497175141242938,0.2937853107344633,168.0,0.5238095238095238,0.4107142857142857,0.9504375688547969,0.6984760072918716,1.0,0.0,0.0,0.3598127870571969,0.0,8,0.0,0.0,0.0,0.0
v2_yaw_correction-epsV1,4ch_run5,4,5,AllWalls,45,0.4541149628982458,0.63536359841848,0.6141813434196072,0.6245929303872011,3517817,2018882,2209835,5727652,5536699,0.9666612077689077,663,0.7860804676720663,0.49227450567513387,0.08519915231076367,159,299,205,0.2398190045248869,0.45098039215686275,207,308,148,0.31221719457013575,0.4645550527903469,260,289,114,0.39215686274509803,0.4358974358974359,348.0,0.31896551724137934,0.5977011494252874,0.9546281729566345,0.47599504620346783,198.0,0.20707070707070707,0.3939393939393939,0.7297830250064956,0.5087647913917752,117,0.05982905982905983,0.1111111111111111,0.3800316831314962,0.5349304594029087
v2_yaw_correction-epsV1,7ch_run1,7,1,wall1,45,0.4409644798859728,0.6135266571416982,0.6105619936278782,0.6120407352731796,408375,257244,260476,668851,665619,0.9951678325964975,179,0.8236743235835987,0.5348720697236053,0.05744080470206823,38,81,60,0.2122905027932961,0.45251396648044695,62,84,33,0.3463687150837989,0.4692737430167598,82,74,23,0.4581005586592179,0.4134078212290503,83.0,0.20481927710843373,0.6144578313253012,0.9113721752808324,0.43682026729086276,46.0,0.34782608695652173,0.43478260869565216,0.8218139916078775,0.6011864453095773,50,0.1,0.2,0.6798073951838539,0.643859628738544
v2_yaw_correction-epsV1,7ch_run1,7,1,wall2,45,0.5234654169519974,0.7656474625527507,0.6233396782538931,0.6872035441399077,2179342,667062,1316893,3496235,2846404,0.8141340613545714,105,0.9149552510332133,0.5035642214792025,0.0486432704338221,30,64,11,0.2857142857142857,0.6095238095238096,37,61,7,0.3523809523809524,0.580952380952381,45,53,7,0.42857142857142855,0.5047619047619047,97.0,0.30927835051546393,0.6597938144329897,0.9814759996336324,0.5050013087430144,,,,,,8,0.0,0.0,0.10839117425312993,0.46871485533176566
v2_yaw_correction-epsV1,7ch_run1,7,1,wall3,45,0.5665786562257252,0.6730554131518852,0.7817274407753537,0.7233325361278101,288835,140305,80648,369483,429140,1.161460743796061,202,0.7700398491385266,0.8509735214545712,0.09044971035172149,106,25,71,0.5247524752475248,0.12376237623762376,130,20,52,0.6435643564356436,0.09900990099009901,147,15,40,0.7277227722772277,0.07425742574257425,,,,,,151.0,0.6026490066225165,0.152317880794702,0.8301514241419968,0.8661740548844072,51,0.29411764705882354,0.0392156862745098,0.5920624407949194,0.7973916411143989
v2_yaw_correction-epsV1,7ch_run1,7,1,wall4,45,0.47020176293563193,0.5132094501278448,0.848734748546413,0.6396424964104988,1012611,960484,180472,1193083,1973095,1.6537784881688868,177,0.8716520488308196,0.8358447770056164,0.04879867188490967,113,32,32,0.6384180790960452,0.1807909604519774,126,31,20,0.711864406779661,0.1751412429378531,137,24,16,0.7740112994350282,0.13559322033898305,168.0,0.6726190476190477,0.19047619047619047,0.9134870674934832,0.8340040367573218,1.0,0.0,0.0,0.5578643739173276,0.9772524352281594,8,0.0,0.0,0.03234011627906977,1.0
v2_yaw_correction-epsV1,7ch_run1,7,1,AllWalls,45,0.5016496733351418,0.6575910283251086,0.6790152404510609,0.6681314320416495,3889163,2025095,1838489,5727652,5914258,1.0325798424904307,663,0.8345979901191388,0.7027945174186262,0.06379736629245591,287,202,174,0.43288084464555054,0.3046757164404223,355,196,112,0.5354449472096531,0.2956259426847662,411,166,86,0.6199095022624435,0.25037707390648567,348.0,0.45977011494252873,0.4224137931034483,0.9319335915278064,0.647098721645329,198.0,0.5404040404040404,0.21717171717171718,0.8268392577440467,0.8040860095029624,117,0.17094017094017094,0.10256410256410256,0.5582171330255656,0.706868778441463
v2_yaw_correction-epsV1,7ch_run2,7,2,wall1,45,0.4479077632723542,0.6192219158715444,0.6181720592478743,0.6186965421886503,413465,254252,255386,668851,667717,0.9983045551251325,179,0.7871307916030177,0.5714517377168989,0.06278902522895038,36,74,69,0.2011173184357542,0.4134078212290503,61,72,46,0.3407821229050279,0.4022346368715084,81,71,27,0.45251396648044695,0.39664804469273746,83.0,0.1566265060240964,0.5180722891566265,0.8264670347205035,0.4665835109294959,46.0,0.391304347826087,0.43478260869565216,0.83863391724592,0.6629483754347725,50,0.1,0.22,0.6744497524365204,0.6646143689072787
v2_yaw_correction-epsV1,7ch_run2,7,2,wall2,45,0.48239981741473636,0.6605274737962596,0.6414254190579295,0.650836315206822,2242574,1152552,1253661,3496235,3395126,0.9710806052796794,105,0.8949171103523903,0.5769139957888656,0.030930312787644534,34,52,19,0.3238095238095238,0.49523809523809526,43,54,8,0.4095238095238095,0.5142857142857142,53,44,8,0.5047619047619047,0.41904761904761906,97.0,0.35051546391752575,0.5360824742268041,0.9661109674037256,0.5725522844052457,,,,,,8,0.0,0.0,0.031691593604951,1.0
v2_yaw_correction-epsV1,7ch_run2,7,2,wall3,45,0.5648004763589473,0.6640896888304946,0.7906913173271842,0.7218817796798631,292147,147774,77336,369483,439921,1.1906393528254344,202,0.7645631157606051,0.8707433183242068,0.08964102878989612,111,21,70,0.5495049504950495,0.10396039603960396,135,16,51,0.6683168316831684,0.07920792079207921,149,12,41,0.7376237623762376,0.0594059405940594,,,,,,151.0,0.6490066225165563,0.10596026490066225,0.8202344775748819,0.8925710985260596,51,0.2549019607843137,0.09803921568627451,0.5997322209771581,0.7929468709381159
v2_yaw_correction-epsV1,7ch_run2,7,2,wall4,45,0.44789066261396093,0.478086270450391,0.8764126217538931,0.6186802279743389,1045633,1141489,147450,1193083,2187122,1.833168354590586,177,0.8394912749050092,0.8642376527129653,0.06823982133278933,106,18,53,0.5988700564971752,0.1016949152542373,133,21,23,0.751412429378531,0.11864406779661017,139,17,21,0.7853107344632768,0.096045197740113,168.0,0.6309523809523809,0.10714285714285714,0.8786984766498859,0.8627264120308566,1.0,0.0,0.0,0.8081464647267295,0.9808524993381217,8,0.0,0.0,0.02005813953488372,1.0
v2_yaw_correction-epsV1,7ch_run2,7,2,AllWalls,45,0.47411588634426194,0.5969935810565382,0.6972873002759246,0.6432545646326994,3993819,2696067,1733833,5727652,6689886,1.1679979859111551,663,0.8113037908382654,0.7385876960882399,0.06737987111636126,287,165,211,0.43288084464555054,0.248868778280543,372,163,128,0.5610859728506787,0.2458521870286576,422,144,97,0.6365007541478129,0.2171945701357466,348.0,0.4396551724137931,0.32471264367816094,0.8906059534400691,0.6881337587876841,198.0,0.5858585858585859,0.18181818181818182,0.8244480443022537,0.8362573143250536,117,0.15384615384615385,0.13675213675213677,0.5531865705707671,0.7298527463944982
v2_yaw_correction-epsV1,7ch_run3,7,3,wall1,45,0.44797405344195,0.587952903672232,0.6529735322216756,0.6187597800900919,436742,306076,232109,668851,742818,1.1105881579006385,179,0.7823526382419167,0.6676233964548228,0.06039673371144921,50,56,73,0.27932960893854747,0.3128491620111732,82,55,42,0.4581005586592179,0.30726256983240224,101,50,28,0.5642458100558659,0.27932960893854747,83.0,0.3373493975903614,0.3373493975903614,0.8353258918783738,0.6535500775626288,46.0,0.391304347826087,0.43478260869565216,0.8402764760356998,0.619559459591369,50,0.08,0.16,0.6411271064351172,0.7436425911327736
v2_yaw_correction-epsV1,7ch_run3,7,3,wall2,45,0.5017382301787772,0.6817071857039385,0.6552368476375301,0.6682099717459371,2290862,1069616,1205373,3496235,3360478,0.9611705162839455,105,0.9056270571819374,0.5738177312003672,0.032825890661553565,34,58,13,0.3238095238095238,0.5523809523809524,42,55,8,0.4,0.5238095238095238,52,46,7,0.49523809523809526,0.4380952380952381,97.0,0.35051546391752575,0.5979381443298969,0.9731168723752628,0.579733377913773,,,,,,8,0.0,0.0,0.08731304796286746,0.0
v2_yaw_correction-epsV1,7ch_run3,7,3,wall3,45,0.5786387217602204,0.6987397101676789,0.770982697444808,0.7330856817131967,284865,122819,84618,369483,407684,1.1033904130907242,202,0.7933270247044968,0.797188607246289,0.08086294878102007,102,41,59,0.504950495049505,0.20297029702970298,127,32,43,0.6287128712871287,0.15841584158415842,143,25,34,0.7079207920792079,0.12376237623762376,,,,,,151.0,0.5960264900662252,0.2185430463576159,0.8544063105773716,0.811967598516565,51,0.23529411764705882,0.1568627450980392,0.6124844331985339,0.741184008748402
v2_yaw_correction-epsV1,7ch_run3,7,3,wall4,45,0.4351457485355587,0.4668077077537021,0.8651485269675286,0.6064133193155985,1032194,1178982,160889,1193083,2211176,1.8533295671801542,177,0.8404172812889077,0.8816402441826818,0.06078252545118309,116,12,49,0.655367231638418,0.06779661016949153,136,16,25,0.768361581920904,0.0903954802259887,146,14,17,0.8248587570621468,0.07909604519774012,168.0,0.6904761904761905,0.07142857142857142,0.8802328277007805,0.8856822843713354,1.0,0.0,0.0,0.8747437344055433,0.21066157286619455,8,0.0,0.0,0.0,0.0
v2_yaw_correction-epsV1,7ch_run3,7,3,AllWalls,45,0.4812127571862234,0.6016913323641998,0.7061642362350227,0.6497550805602785,4044663,2677493,1682989,5727652,6722156,1.173632057254875,663,0.8207207858640293,0.7490011996036259,0.06236886351800604,302,167,194,0.4555052790346908,0.25188536953242835,387,158,118,0.583710407239819,0.2383107088989442,442,135,86,0.6666666666666666,0.20361990950226244,348.0,0.5114942528735632,0.28160919540229884,0.8954123583334387,0.7444884151403282,198.0,0.5454545454545454,0.2676767676767677,0.8512263360062163,0.7639926559855651,117,0.13675213675213677,0.13675213675213677,0.5469364598169575,0.7334344359896164
v2_yaw_correction-epsV1,7ch_run4,7,4,wall1,45,0.4093773304983895,0.5487066673755848,0.6171823021868846,0.5809336103818611,412803,339517,256048,668851,752320,1.1247946104588316,179,0.75832786087699,0.7101070137236604,0.0676084281096577,57,41,81,0.31843575418994413,0.22905027932960895,87,43,49,0.4860335195530726,0.24022346368715083,107,39,33,0.5977653631284916,0.21787709497206703,83.0,0.42168674698795183,0.2289156626506024,0.8136288272516065,0.6910270530793108,46.0,0.41304347826086957,0.3695652173913043,0.8146693338487836,0.6937540296323176,50,0.06,0.1,0.6146941015610775,0.7654176256447432
v2_yaw_correction-epsV1,7ch_run4,7,4,wall2,45,0.4884065703987975,0.6485388413503429,0.6642105007243506,0.6562811265579616,2322236,1258484,1173999,3496235,3580720,1.0241645655969922,105,0.8961231971471041,0.6820599238075966,0.032109850181951685,44,43,18,0.41904761904761906,0.4095238095238095,55,42,8,0.5238095238095238,0.4,65,33,7,0.6190476190476191,0.3142857142857143,97.0,0.4536082474226804,0.44329896907216493,0.9644199758785466,0.6799926358424657,,,,,,8,0.0,0.0,0.06802475502836514,0.8825868564252826
v2_yaw_correction-epsV1,7ch_run4,7,4,wall3,45,0.5556423596040964,0.6591895207059426,0.7796028504694398,0.7143574564856986,288050,148926,81433,369483,436976,1.1826687560726745,202,0.8006633535169267,0.8812139432432547,0.06161459647397821,118,22,62,0.5841584158415841,0.10891089108910891,150,13,39,0.7425742574257426,0.06435643564356436,160,13,29,0.7920792079207921,0.06435643564356436,,,,,,151.0,0.6821192052980133,0.10596026490066225,0.8565716958627525,0.8978868788349721,51,0.29411764705882354,0.11764705882352941,0.6351308104930116,0.817154769654025
v2_yaw_correction-epsV1,7ch_run4,7,4,wall4,45,0.4285686965696927,0.4595629587063428,0.8640295771543136,0.5999973226331786,1030859,1212270,162224,1193083,2243129,1.8801114423724083,177,0.8310899423276928,0.883345421996799,0.06725926992780812,111,14,52,0.6271186440677966,0.07909604519774012,134,15,28,0.7570621468926554,0.0847457627118644,144,14,19,0.8135593220338984,0.07909604519774012,168.0,0.6607142857142857,0.08333333333333333,0.8705049734451522,0.8821557700525945,1.0,0.0,0.0,0.8144796020533033,0.965362718675746,8,0.0,0.0,0.005450581395348837,1.0
v2_yaw_correction-epsV1,7ch_run4,7,4,AllWalls,45,0.46667646692143494,0.578049933375112,0.7077853193594862,0.636372748109871,4053948,2959197,1673704,5727652,7013145,1.2244362960598862,663,0.8124744193059547,0.804130273396256,0.0600670922559567,330,120,213,0.497737556561086,0.18099547511312217,426,113,124,0.6425339366515838,0.17043740573152338,476,99,88,0.717948717948718,0.1493212669683258,348.0,0.5459770114942529,0.21839080459770116,0.8831171432784134,0.7801835769595546,198.0,0.6161616161616161,0.16666666666666666,0.8466242173453179,0.8520435279093228,117,0.15384615384615385,0.09401709401709402,0.5445656333725399,0.7940319846260828
v2_yaw_correction-epsV1,7ch_run5,7,5,wall1,45,0.4188188089069898,0.5992220415403947,0.5817887690980502,0.5903767363073424,389130,260262,279721,668851,649392,0.970906823791846,179,0.8294165342324007,0.4493449075011451,0.03480977153558825,28,90,61,0.1564245810055866,0.5027932960893855,51,95,33,0.2849162011173184,0.5307262569832403,70,90,19,0.39106145251396646,0.5027932960893855,83.0,0.10843373493975904,0.6987951807228916,0.9104367415851508,0.2665452870359597,46.0,0.30434782608695654,0.45652173913043476,0.8392490940601699,0.5548636088411836,50,0.1,0.22,0.6858770349852884,0.6779455369870149
v2_yaw_correction-epsV1,7ch_run5,7,5,wall2,45,0.5042052745130766,0.7440412190443763,0.6100136289465669,0.6703942381485026,2132751,733691,1363484,3496235,2866442,0.819865369461721,105,0.9217100423805854,0.5362661937982016,0.03908808677002643,33,63,9,0.3142857142857143,0.6,38,60,7,0.3619047619047619,0.5714285714285714,47,52,6,0.44761904761904764,0.49523809523809526,97.0,0.3402061855670103,0.6391752577319587,0.9819674147866719,0.5371770586292387,,,,,,8,0.0,0.125,0.1910894019567868,0.49208924949290067
v2_yaw_correction-epsV1,7ch_run5,7,5,wall3,45,0.5709933484740559,0.6781845708205804,0.7832024748093959,0.7269201349944296,289380,137318,80103,369483,426698,1.1548515087297657,202,0.7527175094138772,0.8475120592084645,0.10799390520330522,107,22,73,0.5297029702970297,0.10891089108910891,127,20,55,0.6287128712871287,0.09900990099009901,144,16,42,0.7128712871287128,0.07920792079207921,,,,,,151.0,0.5894039735099338,0.13245033112582782,0.7951488877881842,0.8476821917939472,51,0.35294117647058826,0.0392156862745098,0.627087349913478,0.8469056892243086
v2_yaw_correction-epsV1,7ch_run5,7,5,wall4,45,0.468658881887979,0.5150603835891693,0.8387656181506232,0.6382133900085938,1000717,942195,192366,1193083,1942912,1.6284801644143785,177,0.8697411806180957,0.8130551717849228,0.05455892521694858,108,33,36,0.6101694915254238,0.1864406779661017,125,31,21,0.7062146892655368,0.1751412429378531,132,28,17,0.7457627118644068,0.15819209039548024,168.0,0.6428571428571429,0.19642857142857142,0.9088628170267548,0.820495891827054,1.0,0.0,0.0,0.8447705926290864,0.3760693764918336,8,0.0,0.0,0.05130813953488372,0.0
v2_yaw_correction-epsV1,7ch_run5,7,5,AllWalls,45,0.48864508907569404,0.6476959087538681,0.6655393868202887,0.6564964243815775,3811978,2073466,1915674,5727652,5885444,1.0275491597604045,663,0.8314302261667682,0.6783719825020424,0.06305715962321362,276,208,179,0.416289592760181,0.3137254901960784,341,206,116,0.5143288084464555,0.31070889894419307,393,186,84,0.5927601809954751,0.28054298642533937,348.0,0.43103448275862066,0.4396551724137931,0.9296150633516365,0.6113862796644334,198.0,0.5202020202020202,0.20707070707070707,0.8056450049263267,0.7739067915335337,117,0.19658119658119658,0.11965811965811966,0.5830298027930356,0.7423616744902616
