run_id,channels,run_number,width_mult,seed,experiment,wall,IoU_Ashlar,IoU_Polygonal,IoU_Quarry,IoU_mean_stones,F1_Ashlar,F1_Polygonal,F1_Quarry,macro_F1
3ch_run1,3,1,base,42,v8_coslr_best,wall1,0.8463825699557821,0.5679500213352608,0.4706808963100067,0.6283378292003499,0.9168008664380444,0.7244491388208874,0.6400856875083679,0.7604452309224333
3ch_run1,3,1,base,42,v8_coslr_best,wall2,0.9464419191875516,,0.0,0.4732209595937758,0.9724841104764104,,0.0,0.4862420552382052
3ch_run1,3,1,base,42,v8_coslr_best,wall3,,0.8261478687610964,0.2723010933068692,0.5492244810339828,,0.9047984370746224,0.4280450511900838,0.6664217441323531
3ch_run1,3,1,base,42,v8_coslr_best,wall4,0.832647327868817,0.0245820937561745,0.0656082161452994,0.3076125459234303,0.90868255469218,0.047984624962662,0.1231375943827249,0.359934924679189
3ch_run1,3,1,base,42,v8_coslr_best,AllWalls,0.8751572723373836,0.4728933279508439,0.2021475514405438,0.5167327172429238,,,,0.5682609887430452
3ch_run2,3,2,base,42,v8_coslr_best,wall1,0.8650450424548816,0.5904310019395738,0.5661803675188144,0.6738854706377566,0.9276398400719144,0.7424792414377325,0.7230078722232648,0.7977089845776372
3ch_run2,3,2,base,42,v8_coslr_best,wall2,0.940745418215254,,0.0,0.470372709107627,0.9694681325903952,,0.0,0.4847340662951976
3ch_run2,3,2,base,42,v8_coslr_best,wall3,,0.8301400241283292,0.2582056809148168,0.544172852521573,,0.9071874426916744,0.4104347720431218,0.6588111073673981
3ch_run2,3,2,base,42,v8_coslr_best,wall4,0.8620320794072469,0.0317144954943627,0.0665689946248035,0.3201051898421377,0.9259046489485436,0.061479208895221,0.124828295141321,0.3707373843283619
3ch_run2,3,2,base,42,v8_coslr_best,AllWalls,0.8892741800257942,0.4840951738540885,0.2227387607646086,0.5320360382148305,,,,0.5779978856421487
3ch_run3,3,3,base,42,v8_coslr_best,wall1,0.8542131759800318,0.579214411926316,0.5610443759600797,0.6648239879554758,0.9213753704759898,0.7335475253417854,0.718806440867543,0.7912431122284392
3ch_run3,3,3,base,42,v8_coslr_best,wall2,0.9369629635621236,,0.0,0.4684814817810617,0.9674557347643088,,0.0,0.4837278673821543
3ch_run3,3,3,base,42,v8_coslr_best,wall3,,0.8218007932886986,0.3216764031125091,0.5717385982006039,,0.902185130576424,0.4867702901481341,0.694477710362279
3ch_run3,3,3,base,42,v8_coslr_best,wall4,0.8306895862724559,0.0161178921027731,0.0691496983108592,0.3053190588953627,0.907515498532832,0.031724452896737,0.1293545673166409,0.3561981729154033
3ch_run3,3,3,base,42,v8_coslr_best,AllWalls,0.8739552419382037,0.4723776991059292,0.237967619345862,0.5281001867966649,,,,0.5814117157220691
3ch_run4,3,4,base,42,v8_coslr_best,wall1,0.8456679050128567,0.5659996374591855,0.5422211720226843,0.6512962381649089,0.9163814386282736,0.7228604961588787,0.7031691457218677,0.7808036935030067
3ch_run4,3,4,base,42,v8_coslr_best,wall2,0.9379044959119572,,0.0,0.4689522479559787,0.9679573971684188,,0.0,0.4839786985842093
3ch_run4,3,4,base,42,v8_coslr_best,wall3,,0.8330080115061194,0.2616970129528904,0.5473525122295049,,0.908897294804146,0.4148333716672779,0.661865333235712
3ch_run4,3,4,base,42,v8_coslr_best,wall4,0.8501772549155139,0.0286775956432827,0.0231599325995769,0.3006715943861245,0.9190224911227072,0.0557562364821394,0.0452713830197273,0.3400167035415247
3ch_run4,3,4,base,42,v8_coslr_best,AllWalls,0.8779165519467761,0.4758950815361958,0.2067695293937879,0.5201937209589199,,,,0.5666661072161132
3ch_run5,3,5,base,42,v8_coslr_best,wall1,0.8552207099873222,0.6078892892799815,0.5125740874092949,0.6585613622255329,0.9219611503724172,0.756133265309823,0.6777507186933514,0.7852817114585307
3ch_run5,3,5,base,42,v8_coslr_best,wall2,0.9449503699059192,,0.0,0.4724751849529596,0.9716961260575796,,0.0,0.4858480630287898
3ch_run5,3,5,base,42,v8_coslr_best,wall3,,0.8418240290340656,0.2353895580603221,0.5386067935471939,,0.9141199330269956,0.3810774609911806,0.6475986970090881
3ch_run5,3,5,base,42,v8_coslr_best,wall4,0.8366381585037552,0.0185065912361505,0.0485668465740265,0.3012371987713108,0.9110538781197216,0.0363406410825271,0.0926347170573027,0.3466764120865171
3ch_run5,3,5,base,42,v8_coslr_best,AllWalls,0.8789364127989989,0.4894066365167326,0.1991326230109109,0.5224918907755475,,,,0.5663512208957314
4ch_run1,4,1,base,42,v8_coslr_best,wall1,0.9125683476448616,0.7272422312424779,0.2856523879862137,0.641820988957851,0.9542857370494487,0.8420848194747323,0.4443695522296604,0.7469133695846137
4ch_run1,4,1,base,42,v8_coslr_best,wall2,0.9436835612742008,,0.0440312242178079,0.4938573927460043,0.9710259221985288,,0.0843484815328129,0.5276872018656709
4ch_run1,4,1,base,42,v8_coslr_best,wall3,,0.8013454688413233,0.1988267369194951,0.5000861028804092,,0.889718804862869,0.3317022064929921,0.6107105056779305
4ch_run1,4,1,base,42,v8_coslr_best,wall4,0.9426616864466646,0.3368903594940199,0.0711923902653064,0.4502481454019969,0.9704846634113564,0.5039910073426285,0.1329217625373047,0.5357991444304299
4ch_run1,4,1,base,42,v8_coslr_best,AllWalls,0.9329711984552422,0.6218260198592737,0.1499256848472058,0.5682409677205739,,,,0.6052775553896612
4ch_run2,4,2,base,42,v8_coslr_best,wall1,0.9105698921632795,0.7077950824249793,0.2784948125723605,0.6322865957202065,0.9531919202728242,0.8288993096524759,0.4356604498254046,0.7392505599169015
4ch_run2,4,2,base,42,v8_coslr_best,wall2,0.9392777577055929,,0.039183177448406,0.4892304675769994,0.9686882180476049,,0.0754114929855116,0.5220498555165582
4ch_run2,4,2,base,42,v8_coslr_best,wall3,,0.8169402931712549,0.2292074724626693,0.5230738828169621,,0.8992483641225019,0.372935371119183,0.6360918676208425
4ch_run2,4,2,base,42,v8_coslr_best,wall4,0.9352516643891974,0.2009752398504504,0.086624238102286,0.4076170474473112,0.9665426792792664,0.3346867332177082,0.1594373382533216,0.4868889169167654
4ch_run2,4,2,base,42,v8_coslr_best,AllWalls,0.9283664380860231,0.5752368718155616,0.1583774251464304,0.5539935783493385,,,,0.596070299992767
4ch_run3,4,3,base,42,v8_coslr_best,wall1,0.9100061313827538,0.6849382896004482,0.3004726598702502,0.6318056936178175,0.9528829425526006,0.8130129083396503,0.4620976190306511,0.7426644899743007
4ch_run3,4,3,base,42,v8_coslr_best,wall2,0.945461382715425,,0.0598355769364073,0.5026484798259162,0.9719662298264428,,0.1129148298821405,0.5424405298542917
4ch_run3,4,3,base,42,v8_coslr_best,wall3,,0.8032616640656796,0.2502844940221133,0.5267730790438965,,0.8908986200645173,0.4003640694878306,0.6456313447761739
4ch_run3,4,3,base,42,v8_coslr_best,wall4,0.943498653891712,0.1866983744453069,0.0102264718007367,0.3801411667125853,0.9709280240584948,0.3146517741419753,0.0202458994813469,0.4352752325606056
4ch_run3,4,3,base,42,v8_coslr_best,AllWalls,0.9329887226632968,0.5582994427038116,0.1552048006573769,0.5488309886748285,,,,0.5915028992913429
4ch_run4,4,4,base,42,v8_coslr_best,wall1,0.9193334638967616,0.7224541676340951,0.2717092052300172,0.6378322789202914,0.9579715887725608,0.8388660565946248,0.4273134205722328,0.7413836886464727
4ch_run4,4,4,base,42,v8_coslr_best,wall2,0.9461563898623974,,0.0458945955018462,0.4960254926821218,0.9723333590157112,,0.0877614163018499,0.5300473876587806
4ch_run4,4,4,base,42,v8_coslr_best,wall3,,0.8045582979244135,0.2667124196463294,0.5356353587853715,,0.8916955454969885,0.4211096623190866,0.6564026039080375
4ch_run4,4,4,base,42,v8_coslr_best,wall4,0.9425533847038434,0.2346606853615779,0.0552194372419091,0.4108111691024435,0.9704272656038668,0.3801217421819114,0.1046596286858391,0.4850695454905391
4ch_run4,4,4,base,42,v8_coslr_best,AllWalls,0.936014412821001,0.5872243836400288,0.1598839144050255,0.5610409036220184,,,,0.6032258064259575
4ch_run5,4,5,base,42,v8_coslr_best,wall1,0.9108452311370792,0.674186794093698,0.2515849197734134,0.6122056483347301,0.9533427577439813,0.8053901708843204,0.4020261283093125,0.7202530189792048
4ch_run5,4,5,base,42,v8_coslr_best,wall2,0.949233188074714,,0.0440844048112816,0.4966587964429978,0.9739554958145212,,0.0844460555260374,0.5292007756702793
4ch_run5,4,5,base,42,v8_coslr_best,wall3,,0.8032267731053132,0.21151547375288,0.5073711234290966,,0.8908771598616927,0.3491750263786132,0.620026093120153
4ch_run5,4,5,base,42,v8_coslr_best,wall4,0.9448588267043646,0.353008874873815,0.0421077328622493,0.4466584781468096,0.9716477244833888,0.5218130958774938,0.0808126291253906,0.5247578164954244
4ch_run5,4,5,base,42,v8_coslr_best,AllWalls,0.9349790819720526,0.6101408140242753,0.1373231327999561,0.5608143429320946,,,,0.5985594260662653
7ch_run1,7,1,base,42,v8_coslr_best,wall1,0.8203282568102239,0.6441012150275567,0.5773224823687425,0.6805839847355077,0.9012970641324788,0.7835298814212737,0.732028470806742,0.8056184721201648
7ch_run1,7,1,base,42,v8_coslr_best,wall2,0.9514365395668049,,0.0499826917548213,0.5007096156608131,0.9751139945119734,,0.095206696543323,0.5351603455276482
7ch_run1,7,1,base,42,v8_coslr_best,wall3,,0.8475177586756178,0.3327341832970125,0.5901259709863151,,0.9174664272598452,0.4993256531829492,0.7083960402213971
7ch_run1,7,1,base,42,v8_coslr_best,wall4,0.9078370470175446,0.0958508275239272,0.051678598734969,0.3517888244254803,0.9516924398095056,0.174934078829875,0.09827831201877,0.4083016102193835
7ch_run1,7,1,base,42,v8_coslr_best,AllWalls,0.8932006144648579,0.5291566004090339,0.2529294890388864,0.5584289013042595,,,,0.6143691170221484
7ch_run2,7,2,base,42,v8_coslr_best,wall1,0.8241383794928255,0.584070718359987,0.5734769440924573,0.6605620139817566,0.9035919519679916,0.737430105348686,0.7289295801194273,0.7899838791453684
7ch_run2,7,2,base,42,v8_coslr_best,wall2,0.9510526179827316,,0.0237370697034799,0.4873948438431058,0.974912320884571,,0.0463733714563159,0.5106428461704434
7ch_run2,7,2,base,42,v8_coslr_best,wall3,,0.8149906254115754,0.2849594476988671,0.5499750365552213,,0.8980659337860376,0.4435306471487153,0.6707982904673765
7ch_run2,7,2,base,42,v8_coslr_best,wall4,0.8981688011306229,0.0648606600389562,0.0579459640879342,0.3403251417525044,0.9463529277223804,0.1218199948086792,0.1095442793014291,0.3925724006108296
7ch_run2,7,2,base,42,v8_coslr_best,AllWalls,0.8911199328687266,0.4879740012701729,0.2350298563956846,0.538041263511528,,,,0.5909993540985045
7ch_run3,7,3,base,42,v8_coslr_best,wall1,0.8108027943232758,0.5367205764010847,0.5570364486977073,0.6348532731406893,0.895517498498543,0.6985272204242294,0.7155085536547434,0.7698510908591719
7ch_run3,7,3,base,42,v8_coslr_best,wall2,0.9504972180450924,,0.0421978965443228,0.4963475572947076,0.9746204293464604,,0.0809786638108575,0.527799546578659
7ch_run3,7,3,base,42,v8_coslr_best,wall3,,0.8131863552716517,0.2977029993859145,0.5554446773287831,,0.8969694184024676,0.4588153060088332,0.6778923622056504
7ch_run3,7,3,base,42,v8_coslr_best,wall4,0.9137237179009808,0.0924145832293694,0.0735022942664779,0.3598801984656094,0.9549170649388988,0.1691932433859966,0.1369392402029321,0.4203498495092758
7ch_run3,7,3,base,42,v8_coslr_best,AllWalls,0.8916745767564497,0.480773838300702,0.2426099097236057,0.5383527749269191,,,,0.5989732122881892
7ch_run4,7,4,base,42,v8_coslr_best,wall1,0.8268838203089772,0.6278289412713849,0.538383100552497,0.6643652873776197,0.90523963386914,0.771369675711787,0.699933716587424,0.7921810087227836
7ch_run4,7,4,base,42,v8_coslr_best,wall2,0.9454476748502996,,0.0348424619160686,0.4901450683831841,0.9719589861732476,,0.0673386784913248,0.5196488323322862
7ch_run4,7,4,base,42,v8_coslr_best,wall3,,0.8229507447738386,0.2749732359183366,0.5489619903460876,,0.9028776527650356,0.4313396205847085,0.6671086366748721
7ch_run4,7,4,base,42,v8_coslr_best,wall4,0.9109034891772968,0.0900663110828495,0.0656787642848172,0.355549521514988,0.9533746673616352,0.1652492333120166,0.123261843035588,0.4139619145697467
7ch_run4,7,4,base,42,v8_coslr_best,AllWalls,0.8944116614455245,0.5136153323760243,0.2284693906679299,0.5454987948298262,,,,0.5982250980749222
7ch_run5,7,5,base,42,v8_coslr_best,wall1,0.8418640744756689,0.590753326744588,0.5867090802189022,0.6731088271463864,0.9141435420149838,0.7427340453262363,0.7395294922468836,0.7988023598627013
7ch_run5,7,5,base,42,v8_coslr_best,wall2,0.9442928125642139,,0.013322884012539185,0.4788078482883766,0.9713483550030115,,0.026295436968290797,0.4988218959856512
7ch_run5,7,5,base,42,v8_coslr_best,wall3,,0.8510850665486769,0.27108635699994593,0.5610857117743114,,0.9195526255695137,0.4265427844568667,0.6730477050131902
7ch_run5,7,5,base,42,v8_coslr_best,wall4,0.8966089062986783,0.0737948895229948,0.05724615848147032,0.3425499847677145,0.9454863396676259,0.1374469002283597,0.10829296095753776,0.3970754002845078
7ch_run5,7,5,base,42,v8_coslr_best,AllWalls,0.8942552644461871,0.5052110942720865,0.2320911199282144,0.5438524928821628,,,,0.5919368402865126
