run_id,channels,run_number,experiment,wall,radius_px,BIoU_Ashlar,BIoU_Polygonal,BIoU_Quarry,BIoU_mean_stones
3ch_run1,3,1,v2_yaw_correction-epsV1,wall1,5,0.25138100080008846,0.12867076961247148,0.17770416930451297,0.18591864657235765
3ch_run1,3,1,v2_yaw_correction-epsV1,wall1,15,0.474721297627742,0.2979786814813391,0.4087719097393156,0.3938239629494656
3ch_run2,3,2,v2_yaw_correction-epsV1,wall1,5,0.2728971603166038,0.13549109909926768,0.1653440504978259,0.19124410330456584
3ch_run2,3,2,v2_yaw_correction-epsV1,wall1,15,0.5125109608776757,0.30952862812040793,0.38129637536494454,0.4011119881210094
3ch_run3,3,3,v2_yaw_correction-epsV1,wall1,5,0.2784061570658189,0.15071222154854053,0.17103965726332016,0.20005267862589318
3ch_run3,3,3,v2_yaw_correction-epsV1,wall1,15,0.537987497598534,0.35008575183197094,0.39474920948043285,0.4276074863036459
3ch_run4,3,4,v2_yaw_correction-epsV1,wall1,5,0.2537086120852221,0.1325514329538657,0.19323815987760126,0.19316606830556304
3ch_run4,3,4,v2_yaw_correction-epsV1,wall1,15,0.49046281906769207,0.30717909685510286,0.4430408750233649,0.41356093031538665
3ch_run5,3,5,v2_yaw_correction-epsV1,wall1,5,0.2724262164243279,0.12348424956380039,0.16675001087098318,0.1875534922863705
3ch_run5,3,5,v2_yaw_correction-epsV1,wall1,15,0.5101273298938628,0.30186649073823185,0.38945579179089923,0.400483204140998
4ch_run1,4,1,v2_yaw_correction-epsV1,wall1,5,0.27107504905906077,0.17998961090056279,0.16031687155574395,0.2037938438384558
4ch_run1,4,1,v2_yaw_correction-epsV1,wall1,15,0.48585008820254777,0.37883530152506073,0.2957060210266412,0.3867971369180832
4ch_run2,4,2,v2_yaw_correction-epsV1,wall1,5,0.27535704871114125,0.1879538501234841,0.15115731009796055,0.20482273631086198
4ch_run2,4,2,v2_yaw_correction-epsV1,wall1,15,0.48427557643442415,0.39993779424031217,0.2766525241345385,0.38695529826975833
4ch_run3,4,3,v2_yaw_correction-epsV1,wall1,5,0.27398371728547455,0.18093772164123922,0.1583798550896781,0.20443376467213062
4ch_run3,4,3,v2_yaw_correction-epsV1,wall1,15,0.48832860677170203,0.37028927438742226,0.29693438789306625,0.3851840896840635
4ch_run4,4,4,v2_yaw_correction-epsV1,wall1,5,0.2756037735412039,0.19077410717423882,0.15451147308395405,0.20696311793313227
4ch_run4,4,4,v2_yaw_correction-epsV1,wall1,15,0.4871947940393182,0.39525472009448875,0.2977227244496584,0.3933907461944884
4ch_run5,4,5,v2_yaw_correction-epsV1,wall1,5,0.2707803066740158,0.17714455650705738,0.16742568518671855,0.20511684945593056
4ch_run5,4,5,v2_yaw_correction-epsV1,wall1,15,0.4721982882022459,0.3888947758821659,0.3142607843371622,0.39178461614052473
7ch_run1,7,1,v2_yaw_correction-epsV1,wall1,5,0.3124361756259614,0.1837467159207622,0.21563619975534906,0.23727303043402423
7ch_run1,7,1,v2_yaw_correction-epsV1,wall1,15,0.5667462075134758,0.40658891084624293,0.4481905934143921,0.47384190392470366
7ch_run2,7,2,v2_yaw_correction-epsV1,wall1,5,0.2758841302841303,0.15778806838936218,0.22431865828092243,0.21933028565147164
7ch_run2,7,2,v2_yaw_correction-epsV1,wall1,15,0.5041387543286733,0.34264097050449305,0.4705120973727178,0.4390972740686281
7ch_run3,7,3,v2_yaw_correction-epsV1,wall1,5,0.28702274502946395,0.1621694089580963,0.22584345166373157,0.22501186855043062
7ch_run3,7,3,v2_yaw_correction-epsV1,wall1,15,0.5276235478527929,0.3528646040204337,0.46936610055797784,0.4499514174770682
7ch_run4,7,4,v2_yaw_correction-epsV1,wall1,5,0.28655465212369036,0.1625046137355331,0.22521384136858477,0.2247577024092694
7ch_run4,7,4,v2_yaw_correction-epsV1,wall1,15,0.5197036897407765,0.3553253649226439,0.4652265275896553,0.44675186075102524
7ch_run5,7,5,v2_yaw_correction-epsV1,wall1,5,0.31175519646741107,0.19845636279725035,0.24105848095685564,0.2504233467405057
7ch_run5,7,5,v2_yaw_correction-epsV1,wall1,15,0.5808897344308862,0.43725880823198277,0.5095204361351526,0.5092229929326738
3ch_run1,3,1,v2_yaw_correction-epsV1,wall2,5,0.13402529197465213,,0.0,0.06701264598732606
3ch_run1,3,1,v2_yaw_correction-epsV1,wall2,15,0.35405211491809857,,0.0,0.17702605745904929
3ch_run2,3,2,v2_yaw_correction-epsV1,wall2,5,0.13578436296668342,,0.0,0.06789218148334171
3ch_run2,3,2,v2_yaw_correction-epsV1,wall2,15,0.3653110732589657,,0.0,0.18265553662948286
3ch_run3,3,3,v2_yaw_correction-epsV1,wall2,5,0.1346629458544631,,0.0,0.06733147292723154
3ch_run3,3,3,v2_yaw_correction-epsV1,wall2,15,0.36517881978461647,,0.0,0.18258940989230824
3ch_run4,3,4,v2_yaw_correction-epsV1,wall2,5,0.13363250786701328,,0.0,0.06681625393350664
3ch_run4,3,4,v2_yaw_correction-epsV1,wall2,15,0.3609032263358502,,0.0,0.1804516131679251
3ch_run5,3,5,v2_yaw_correction-epsV1,wall2,5,0.12949658531116578,,0.0,0.06474829265558289
3ch_run5,3,5,v2_yaw_correction-epsV1,wall2,15,0.35270044280039603,,0.0,0.17635022140019802
4ch_run1,4,1,v2_yaw_correction-epsV1,wall2,5,0.1570702918504375,,0.008889645776566757,0.08297996881350213
4ch_run1,4,1,v2_yaw_correction-epsV1,wall2,15,0.3928912450487667,,0.04262221093904262,0.21775672799390466
4ch_run2,4,2,v2_yaw_correction-epsV1,wall2,5,0.16068902010257127,,0.0,0.08034451005128564
4ch_run2,4,2,v2_yaw_correction-epsV1,wall2,15,0.39786606267677893,,0.0,0.19893303133838947
4ch_run3,4,3,v2_yaw_correction-epsV1,wall2,5,0.1604661698713408,,0.019625159454420567,0.09004566466288068
4ch_run3,4,3,v2_yaw_correction-epsV1,wall2,15,0.3848555406649846,,0.05095179974732875,0.2179036702061567
4ch_run4,4,4,v2_yaw_correction-epsV1,wall2,5,0.15885811110368828,,0.012360333393543727,0.085609222248616
4ch_run4,4,4,v2_yaw_correction-epsV1,wall2,15,0.38408991400318954,,0.035626213910045175,0.20985806395661735
4ch_run5,4,5,v2_yaw_correction-epsV1,wall2,5,0.15801486393765335,,0.04228369777553721,0.10014928085659527
4ch_run5,4,5,v2_yaw_correction-epsV1,wall2,15,0.4021092225259994,,0.09191124389898392,0.24701023321249166
7ch_run1,7,1,v2_yaw_correction-epsV1,wall2,5,0.18541717409910616,,0.013106210866098861,0.09926169248260251
7ch_run1,7,1,v2_yaw_correction-epsV1,wall2,15,0.4537685934772396,,0.04286332581073979,0.24831595964398967
7ch_run2,7,2,v2_yaw_correction-epsV1,wall2,5,0.17467890935161737,,0.0036679749110516083,0.08917344213133449
7ch_run2,7,2,v2_yaw_correction-epsV1,wall2,15,0.41747745363646427,,0.012500178983089678,0.21498881630977698
7ch_run3,7,3,v2_yaw_correction-epsV1,wall2,5,0.1827878342842328,,0.013863685853233651,0.09832576006873323
7ch_run3,7,3,v2_yaw_correction-epsV1,wall2,15,0.4388252421122507,,0.03340481570501288,0.23611502890863179
7ch_run4,7,4,v2_yaw_correction-epsV1,wall2,5,0.1774806589234318,,0.014454357735613823,0.0959675083295228
7ch_run4,7,4,v2_yaw_correction-epsV1,wall2,15,0.4210377652727056,,0.02791793818170831,0.22447785172720694
7ch_run5,7,5,v2_yaw_correction-epsV1,wall2,5,0.17441895519458378,,0.02792646851669249,0.10117271185563814
7ch_run5,7,5,v2_yaw_correction-epsV1,wall2,15,0.44237266927006064,,0.07523749390121402,0.2588050815856373
3ch_run1,3,1,v2_yaw_correction-epsV1,wall3,5,,0.31892704652855103,0.17216607957498412,0.24554656305176759
3ch_run1,3,1,v2_yaw_correction-epsV1,wall3,15,,0.5710176007531972,0.28748539033741494,0.42925149554530606
3ch_run2,3,2,v2_yaw_correction-epsV1,wall3,5,,0.3365179363651839,0.15692238247748425,0.24672015942133407
3ch_run2,3,2,v2_yaw_correction-epsV1,wall3,15,,0.6017631775629819,0.2414826459679202,0.4216229117654511
3ch_run3,3,3,v2_yaw_correction-epsV1,wall3,5,,0.34326205215629707,0.17715260814175013,0.2602073301490236
3ch_run3,3,3,v2_yaw_correction-epsV1,wall3,15,,0.6045577507412224,0.2776728104326046,0.4411152805869135
3ch_run4,3,4,v2_yaw_correction-epsV1,wall3,5,,0.33470278293135436,0.184217999126256,0.2594603910288052
3ch_run4,3,4,v2_yaw_correction-epsV1,wall3,15,,0.5876324759426791,0.29609177198703857,0.4418621239648588
3ch_run5,3,5,v2_yaw_correction-epsV1,wall3,5,,0.30036543489903283,0.15805057379899648,0.22920800434901467
3ch_run5,3,5,v2_yaw_correction-epsV1,wall3,15,,0.5692071300673478,0.2634499007229648,0.4163285153951563
4ch_run1,4,1,v2_yaw_correction-epsV1,wall3,5,,0.33313740363431965,0.22095763723150358,0.2770475204329116
4ch_run1,4,1,v2_yaw_correction-epsV1,wall3,15,,0.5269669786343398,0.3404413892908828,0.43370418396261134
4ch_run2,4,2,v2_yaw_correction-epsV1,wall3,5,,0.3197438903038826,0.17954397060517993,0.24964393045453126
4ch_run2,4,2,v2_yaw_correction-epsV1,wall3,15,,0.5001467637511455,0.25833534919670303,0.37924105647392425
4ch_run3,4,3,v2_yaw_correction-epsV1,wall3,5,,0.3772128503580324,0.14203946906383874,0.2596261597109356
4ch_run3,4,3,v2_yaw_correction-epsV1,wall3,15,,0.5897241579463969,0.1976484056631517,0.3936862818047743
4ch_run4,4,4,v2_yaw_correction-epsV1,wall3,5,,0.3527435153345251,0.18675633055740185,0.26974992294596345
4ch_run4,4,4,v2_yaw_correction-epsV1,wall3,15,,0.5460537698659002,0.26478266704078274,0.4054182184533415
4ch_run5,4,5,v2_yaw_correction-epsV1,wall3,5,,0.33144447103877456,0.17378492105364748,0.252614696046211
4ch_run5,4,5,v2_yaw_correction-epsV1,wall3,15,,0.5237907473125147,0.2514487557744525,0.3876197515434836
7ch_run1,7,1,v2_yaw_correction-epsV1,wall3,5,,0.41889203482425724,0.24638214518905444,0.33263709000665587
7ch_run1,7,1,v2_yaw_correction-epsV1,wall3,15,,0.6513128521935676,0.35009204382183906,0.5007024480077034
7ch_run2,7,2,v2_yaw_correction-epsV1,wall3,5,,0.42940332171416856,0.20467806891564813,0.31704069531490836
7ch_run2,7,2,v2_yaw_correction-epsV1,wall3,15,,0.6562884718030401,0.29291316820265517,0.47460082000284765
7ch_run3,7,3,v2_yaw_correction-epsV1,wall3,5,,0.441663257217378,0.2696011540410932,0.3556322056292356
7ch_run3,7,3,v2_yaw_correction-epsV1,wall3,15,,0.6766747889445104,0.39168517930815616,0.5341799841263333
7ch_run4,7,4,v2_yaw_correction-epsV1,wall3,5,,0.42978787954610853,0.3082256987368032,0.3690067891414559
7ch_run4,7,4,v2_yaw_correction-epsV1,wall3,15,,0.6640884309026084,0.437881029072259,0.5509847299874338
7ch_run5,7,5,v2_yaw_correction-epsV1,wall3,5,,0.412692068984973,0.2588203669272642,0.3357562179561186
7ch_run5,7,5,v2_yaw_correction-epsV1,wall3,15,,0.6351164682952675,0.36041090436677564,0.4977636863310215
3ch_run1,3,1,v2_yaw_correction-epsV1,wall4,5,0.19990365788744627,0.001638883012915959,0.041099485026404696,0.0808806753089223
3ch_run1,3,1,v2_yaw_correction-epsV1,wall4,15,0.44132492363941117,0.0029508105683949425,0.07266950971693523,0.17231508130824713
3ch_run2,3,2,v2_yaw_correction-epsV1,wall4,5,0.18463779707495429,0.0017464725316424848,0.03394530223869706,0.07344319061509795
3ch_run2,3,2,v2_yaw_correction-epsV1,wall4,15,0.39057458510562465,0.004000887545244005,0.06611971791881836,0.15356506352322902
3ch_run3,3,3,v2_yaw_correction-epsV1,wall4,5,0.2200143949308079,0.0016509614974630112,0.021004043367803343,0.08088979993202476
3ch_run3,3,3,v2_yaw_correction-epsV1,wall4,15,0.4529279246131079,0.0046629503709533894,0.04192262449353026,0.16650449982586382
3ch_run4,3,4,v2_yaw_correction-epsV1,wall4,5,0.1968704936233729,0.0019172935989644668,0.03127601809954751,0.07668793510729495
3ch_run4,3,4,v2_yaw_correction-epsV1,wall4,15,0.4111238286379336,0.003988973185611099,0.05970199739543694,0.15827159973966054
3ch_run5,3,5,v2_yaw_correction-epsV1,wall4,5,0.1967380733766226,0.0018398805186024666,0.02291754756871036,0.07383183382131181
3ch_run5,3,5,v2_yaw_correction-epsV1,wall4,15,0.41566362759887565,0.003817993615902797,0.043710905117190446,0.15439750877732297
4ch_run1,4,1,v2_yaw_correction-epsV1,wall4,5,0.27756619119209025,0.01628585904890583,0.04614062416071333,0.11333089146723647
4ch_run1,4,1,v2_yaw_correction-epsV1,wall4,15,0.559724319544778,0.0583272382639869,0.08420298507462687,0.23408484762779724
4ch_run2,4,2,v2_yaw_correction-epsV1,wall4,5,0.2571707236891761,0.017659044600407518,0.022059973924380704,0.09896324740465477
4ch_run2,4,2,v2_yaw_correction-epsV1,wall4,15,0.5431629039810014,0.08075415032952366,0.05445033547600056,0.2261224632621752
4ch_run3,4,3,v2_yaw_correction-epsV1,wall4,5,0.2506584654726822,0.019153854145023894,0.03399749821300929,0.10126993927690514
4ch_run3,4,3,v2_yaw_correction-epsV1,wall4,15,0.5343653396505951,0.049763117798304925,0.0699307838373114,0.2180197470954038
4ch_run4,4,4,v2_yaw_correction-epsV1,wall4,5,0.23820432485338047,0.008484687790003977,0.03942242767360931,0.09537048010566458
4ch_run4,4,4,v2_yaw_correction-epsV1,wall4,15,0.5140126944412763,0.029175227887337868,0.07089317665264278,0.20469369966041895
4ch_run5,4,5,v2_yaw_correction-epsV1,wall4,5,0.2910596035112663,0.023233357717629848,0.02288857345635202,0.11239384489508274
4ch_run5,4,5,v2_yaw_correction-epsV1,wall4,15,0.5769618222123769,0.0825970083986058,0.047879914563721225,0.23581291505823465
7ch_run1,7,1,v2_yaw_correction-epsV1,wall4,5,0.2818625437248065,0.00643726762411606,0.042800051566327185,0.11036662097174992
7ch_run1,7,1,v2_yaw_correction-epsV1,wall4,15,0.5600108828875455,0.018294280401541244,0.08666522158945357,0.22165679495951343
7ch_run2,7,2,v2_yaw_correction-epsV1,wall4,5,0.2513728931631278,0.008865160373930566,0.005327889259572773,0.08852198093221038
7ch_run2,7,2,v2_yaw_correction-epsV1,wall4,15,0.5174378635302115,0.02010275441345085,0.009309542280837859,0.1822833867415001
7ch_run3,7,3,v2_yaw_correction-epsV1,wall4,5,0.23770988460010212,0.00973155060198374,0.024985327408401106,0.09080892087016233
7ch_run3,7,3,v2_yaw_correction-epsV1,wall4,15,0.5028536989460974,0.023994705242755165,0.06520942963434145,0.19735261127439804
7ch_run4,7,4,v2_yaw_correction-epsV1,wall4,5,0.2413725553811082,0.01050453213787137,0.015491283676703644,0.08912279039856108
7ch_run4,7,4,v2_yaw_correction-epsV1,wall4,15,0.511935773303283,0.0225830608123449,0.04472933935011234,0.1930827244885801
7ch_run5,7,5,v2_yaw_correction-epsV1,wall4,5,0.30875598267479404,0.012932247958933074,0.035389146733309534,0.11902579245567886
7ch_run5,7,5,v2_yaw_correction-epsV1,wall4,15,0.5714272529617962,0.028482183427148332,0.06955892404808814,0.22315612014567757
3ch_run1,3,1,v2_yaw_correction-epsV1,AllWalls,5,0.1951033168873956,0.14974556638464617,0.09774243347647545,0.1475304389161724
3ch_run1,3,1,v2_yaw_correction-epsV1,AllWalls,15,0.4233661120617506,0.29064903093431044,0.19223170244841642,0.3020822818148258
3ch_run2,3,2,v2_yaw_correction-epsV1,AllWalls,5,0.1977731067860805,0.1579185026653647,0.08905293380350181,0.14824818108498233
3ch_run2,3,2,v2_yaw_correction-epsV1,AllWalls,15,0.4227988730807553,0.3050975644095446,0.17222468481292078,0.30004037410107354
3ch_run3,3,3,v2_yaw_correction-epsV1,AllWalls,5,0.21102783261702995,0.1652084117341002,0.09229907719321842,0.15617844051478283
3ch_run3,3,3,v2_yaw_correction-epsV1,AllWalls,15,0.45203141399875285,0.31976881764804893,0.17858616110164194,0.31679546424948124
3ch_run4,3,4,v2_yaw_correction-epsV1,AllWalls,5,0.1947372045252028,0.15639050316139486,0.10218304427585119,0.15110358398748294
3ch_run4,3,4,v2_yaw_correction-epsV1,AllWalls,15,0.42082995801382533,0.2996001819944643,0.1997086611014601,0.3067129337032499
3ch_run5,3,5,v2_yaw_correction-epsV1,AllWalls,5,0.1995536250373721,0.14189652166047856,0.08692953305967249,0.14279322658584107
3ch_run5,3,5,v2_yaw_correction-epsV1,AllWalls,15,0.4261638000977115,0.29163053814049417,0.17415414940776364,0.29731616254865645
4ch_run1,4,1,v2_yaw_correction-epsV1,AllWalls,5,0.23523717736719618,0.17647095786126274,0.1090761946811319,0.1735947766365303
4ch_run1,4,1,v2_yaw_correction-epsV1,AllWalls,15,0.47948855093203085,0.32137650614112917,0.19074315158279836,0.3305360695519861
4ch_run2,4,2,v2_yaw_correction-epsV1,AllWalls,5,0.23107226416762958,0.17511892834259143,0.08819031365688029,0.16479383538903378
4ch_run2,4,2,v2_yaw_correction-epsV1,AllWalls,15,0.4751015143640682,0.32694623610699375,0.14735955220181052,0.3164691008909575
4ch_run3,4,3,v2_yaw_correction-epsV1,AllWalls,5,0.22836945087649918,0.19243480871476518,0.08851049545523668,0.16977158501550035
4ch_run3,4,3,v2_yaw_correction-epsV1,AllWalls,15,0.4691831623624272,0.3365921833773747,0.15386634428521453,0.3198805633416721
4ch_run4,4,4,v2_yaw_correction-epsV1,AllWalls,5,0.22422206983275758,0.1840007700995893,0.09826264117712723,0.16882849370315803
4ch_run4,4,4,v2_yaw_correction-epsV1,AllWalls,15,0.461765800827928,0.3234945726159089,0.1672561955132823,0.3175055229857064
4ch_run5,4,5,v2_yaw_correction-epsV1,AllWalls,5,0.23995159137431185,0.1772741284211539,0.10159571936806382,0.17294047972117652
4ch_run5,4,5,v2_yaw_correction-epsV1,AllWalls,15,0.4837564443135407,0.33176084386442883,0.17637517464357996,0.3306308209405165
7ch_run1,7,1,v2_yaw_correction-epsV1,AllWalls,5,0.2599052978166247,0.2030253394563785,0.1294811518442074,0.19747059637240352
7ch_run1,7,1,v2_yaw_correction-epsV1,AllWalls,15,0.526841894626087,0.35873201448045067,0.2319527961591061,0.37250890175521456
7ch_run2,7,2,v2_yaw_correction-epsV1,AllWalls,5,0.2339786442662918,0.19868551682582045,0.10949814784179875,0.180720769644637
7ch_run2,7,2,v2_yaw_correction-epsV1,AllWalls,15,0.4796846904984497,0.3396773989069946,0.19630874670982515,0.3385569453717565
7ch_run3,7,3,v2_yaw_correction-epsV1,AllWalls,5,0.23584015463793295,0.204521405592486,0.1335734047416149,0.19131165499067793
7ch_run3,7,3,v2_yaw_correction-epsV1,AllWalls,15,0.4897674963037137,0.35117803273589976,0.2399163813013721,0.36028730344699517
7ch_run4,7,4,v2_yaw_correction-epsV1,AllWalls,5,0.2351359554760768,0.20093234180650432,0.14084629537942636,0.19230486422066917
7ch_run4,7,4,v2_yaw_correction-epsV1,AllWalls,15,0.484225742772255,0.34733228554586576,0.24393870854843375,0.3584989122888515
7ch_run5,7,5,v2_yaw_correction-epsV1,AllWalls,5,0.2649767114455963,0.20802689324705215,0.14079861578353045,0.2046007401587263
7ch_run5,7,5,v2_yaw_correction-epsV1,AllWalls,15,0.5315632188875811,0.3669524866514662,0.2536819396128076,0.3840658817172849
